{
    "in_sample": {
        "total_samples": 2176,
        "Mean of Predicted": 13.231225782351716,
        "Mean of Targets": 13.157689961453139,
        "MSE": 0.7915638415635751,
        "MAE": 0.6753750925931916,
        "RMSE": 0.8896987364066418,
        "R^2": 0.9864669492018938,
        "MRE": 0.12127981468016852,
        "min_error": 0.0006809313595272926,
        "max_error": 4.839616879123447,
        "std_error": 0.5791651973904447
    },
    "out_of_sample": {
        "total_samples": 1254,
        "Mean of Predicted": 13.61597068899898,
        "Mean of Targets": 14.247433197015766,
        "MSE": 19.679597093694074,
        "MAE": 2.983222017385933,
        "RMSE": 4.436169191283632,
        "R^2": 0.7606183083857054,
        "MRE": 0.2563957715676161,
        "min_error": 0.0012343428462671113,
        "max_error": 16.123584239575266,
        "std_error": 3.2832885174285056
    }
}