{
    "in_sample": {
        "total_samples": 2176,
        "Mean of Predicted": 13.148581017398632,
        "Mean of Targets": 13.157689945227105,
        "MSE": 0.00518567175280351,
        "MAE": 0.05325526108701394,
        "RMSE": 0.07201160845866109,
        "R^2": 0.9999113426410802,
        "MRE": 0.007653428761610387,
        "min_error": 2.4118833247044336e-05,
        "max_error": 0.659601851552722,
        "std_error": 0.04847214580929433
    },
    "out_of_sample": {
        "total_samples": 1254,
        "Mean of Predicted": 12.4387268349409,
        "Mean of Targets": 14.247433120537933,
        "MSE": 15.270635714875258,
        "MAE": 1.8367793760289846,
        "RMSE": 3.9077660772972656,
        "R^2": 0.814248703923197,
        "MRE": 0.12973119607311584,
        "min_error": 8.091479540084379e-05,
        "max_error": 13.582424696916132,
        "std_error": 3.449185010791655
    }
}