{
    "in_sample": {
        "total_samples": 7559,
        "Mean of Predicted": 12.346048716810722,
        "Mean of Targets": 12.35430743856925,
        "MSE": 0.004789455127449643,
        "MAE": 0.05330165789116716,
        "RMSE": 0.06920588939858835,
        "R^2": 0.999916459079973,
        "MRE": 0.009109101196351251,
        "min_error": 4.563271996715912e-06,
        "max_error": 0.6782185825407581,
        "std_error": 0.044140552709528005
    },
    "out_of_sample": {
        "total_samples": 3150,
        "Mean of Predicted": 12.227087974245705,
        "Mean of Targets": 12.234964821678304,
        "MSE": 0.005128179775358267,
        "MAE": 0.05475188003067449,
        "RMSE": 0.07161131038710482,
        "R^2": 0.9999080885776557,
        "MRE": 0.009723932851419216,
        "min_error": 2.966126799464064e-05,
        "max_error": 0.4802843779325485,
        "std_error": 0.04615637993240909
    }
}