{
    "in_sample": {
        "total_samples": 9260,
        "Mean of Predicted": 9.991743228762278,
        "Mean of Targets": 9.998774370060461,
        "MSE": 0.0071750239658696854,
        "MAE": 0.05038430660808871,
        "RMSE": 0.08470551319642473,
        "R^2": 0.9998001914529471,
        "MRE": 0.014139032368173397,
        "min_error": 9.229168294044854e-07,
        "max_error": 1.15400195157528,
        "std_error": 0.06809145037001191
    },
    "out_of_sample": {
        "total_samples": 4962,
        "Mean of Predicted": 9.928550371685494,
        "Mean of Targets": 9.935033403476835,
        "MSE": 0.010063271508077239,
        "MAE": 0.054890361808591845,
        "RMSE": 0.10031585870677297,
        "R^2": 0.9997157109300726,
        "MRE": 0.014287700642743272,
        "min_error": 7.572650915221857e-07,
        "max_error": 1.4288577530860955,
        "std_error": 0.08396618181505648
    }
}