{
    "in_sample": {
        "total_samples": 53,
        "Mean of Predicted": 0.2000253928910932,
        "Mean of Targets": 0.22638990519276034,
        "MSE": 0.0024762103680875175,
        "MAE": 0.03743379665169457,
        "RMSE": 0.04976153502543423,
        "R^2": -0.10456848704986488,
        "MRE": 0.15148011674348286,
        "min_error": 7.268954825401241e-05,
        "max_error": 0.12614528850197793,
        "std_error": 0.03278599146475668
    },
    "out_of_sample": {
        "total_samples": 23,
        "Mean of Predicted": 0.19881873337506473,
        "Mean of Targets": 0.21571969535196264,
        "MSE": 0.002118463385219343,
        "MAE": 0.04040362559878647,
        "RMSE": 0.04602676813789279,
        "R^2": -0.008441709499079852,
        "MRE": 0.19620999634674965,
        "min_error": 0.006658395648598658,
        "max_error": 0.08254723024857041,
        "std_error": 0.022045644097926222
    }
}