{
    "in_sample": {
        "total_samples": 53,
        "Mean of Predicted": 0.18726910816922557,
        "Mean of Targets": 0.22098092483513151,
        "MSE": 0.0034206192992144993,
        "MAE": 0.04610610574896483,
        "RMSE": 0.05848606072573617,
        "R^2": -0.4986766393847022,
        "MRE": 0.19239293418942066,
        "min_error": 7.722122314574031e-05,
        "max_error": 0.13443526545631884,
        "std_error": 0.035983972986313964
    },
    "out_of_sample": {
        "total_samples": 23,
        "Mean of Predicted": 0.18728051763916537,
        "Mean of Targets": 0.21902826122491664,
        "MSE": 0.0034366037197369097,
        "MAE": 0.04752374723492352,
        "RMSE": 0.05862255299572776,
        "R^2": -0.41572284981837204,
        "MRE": 0.20687732312351306,
        "min_error": 0.0010132107739150298,
        "max_error": 0.1378857807262838,
        "std_error": 0.03432342011641625
    }
}