{
    "in_sample": {
        "total_samples": 2268,
        "Mean of Predicted": 12.625885883558356,
        "Mean of Targets": 12.62572011161658,
        "MSE": 0.00013350444496952106,
        "MAE": 0.007421499739147339,
        "RMSE": 0.011554412359333601,
        "R^2": 0.9999978970101574,
        "MRE": 0.0020296038532591505,
        "min_error": 6.891204415993002e-06,
        "max_error": 0.09816120336179135,
        "std_error": 0.008855833478072917
    },
    "out_of_sample": {
        "total_samples": 1218,
        "Mean of Predicted": 12.05974544258132,
        "Mean of Targets": 12.059941683139362,
        "MSE": 0.00026687445208545,
        "MAE": 0.009892696933089635,
        "RMSE": 0.016336292482856996,
        "R^2": 0.9999952719120455,
        "MRE": 0.0024942232416700146,
        "min_error": 3.132365637981138e-07,
        "max_error": 0.15114541294574835,
        "std_error": 0.013000346129064755
    }
}