{
    "in_sample": {
        "total_samples": 53,
        "Mean of Predicted": 0.14295866525090384,
        "Mean of Targets": 0.21563854704638954,
        "MSE": 0.007120436301878365,
        "MAE": 0.07311982076163896,
        "RMSE": 0.08438267773588584,
        "R^2": -2.8729987336558342,
        "MRE": 0.3122544666333786,
        "min_error": 0.0003479472760632707,
        "max_error": 0.18220471689757714,
        "std_error": 0.042118025994390566
    },
    "out_of_sample": {
        "total_samples": 23,
        "Mean of Predicted": 0.14296579645809987,
        "Mean of Targets": 0.23910613048603874,
        "MSE": 0.011751455869530402,
        "MAE": 0.09696493444110256,
        "RMSE": 0.10840413216077328,
        "R^2": -3.6823236298130553,
        "MRE": 0.3786940462481877,
        "min_error": 0.009482904751382748,
        "max_error": 0.17874451389154045,
        "std_error": 0.04846913820528565
    }
}