{
    "in_sample": {
        "total_samples": 10896,
        "Mean of Predicted": 9.617160564994844,
        "Mean of Targets": 9.636858191809027,
        "MSE": 0.002639360685238877,
        "MAE": 0.03851601934175408,
        "RMSE": 0.05137470861463719,
        "R^2": 0.999928806311579,
        "MRE": 0.009111829478859327,
        "min_error": 2.0067513002430815e-06,
        "max_error": 0.24518487370013986,
        "std_error": 0.033998190235724354
    },
    "out_of_sample": {
        "total_samples": 4541,
        "Mean of Predicted": 9.589319356069703,
        "Mean of Targets": 9.608336811454976,
        "MSE": 0.00261315744660886,
        "MAE": 0.03851018418975273,
        "RMSE": 0.05111905169903742,
        "R^2": 0.9999300928183454,
        "MRE": 0.009150384863700418,
        "min_error": 1.9064137340762954e-05,
        "max_error": 0.25596313492655653,
        "std_error": 0.03361730447671525
    }
}