{
    "in_sample": {
        "total_samples": 6800,
        "Mean of Predicted": 12.199804849959655,
        "Mean of Targets": 12.205138360486547,
        "MSE": 0.010311831455072444,
        "MAE": 0.05834853705542412,
        "RMSE": 0.10154718831692212,
        "R^2": 0.9997782275200443,
        "MRE": 0.009773098277815995,
        "min_error": 6.391221283763571e-06,
        "max_error": 1.36768087722659,
        "std_error": 0.08311004559356372
    },
    "out_of_sample": {
        "total_samples": 2834,
        "Mean of Predicted": 12.310706430299835,
        "Mean of Targets": 12.316629770773813,
        "MSE": 0.016651960199370652,
        "MAE": 0.06552059749446407,
        "RMSE": 0.12904247440037195,
        "R^2": 0.9996332541641969,
        "MRE": 0.010586154596025988,
        "min_error": 3.621692061628323e-05,
        "max_error": 1.8781818077623846,
        "std_error": 0.1111710911313687
    }
}