{
    "in_sample": {
        "total_samples": 2176,
        "Mean of Predicted": 13.06520015209071,
        "Mean of Targets": 13.157689961453139,
        "MSE": 0.8048962233547755,
        "MAE": 0.6939837586605978,
        "RMSE": 0.8971600879189708,
        "R^2": 0.9862390107962137,
        "MRE": 0.12623284186332578,
        "min_error": 0.0010331585809568722,
        "max_error": 3.3055330006122574,
        "std_error": 0.5685796039870623
    },
    "out_of_sample": {
        "total_samples": 1254,
        "Mean of Predicted": 12.456220045390376,
        "Mean of Targets": 14.247433197015766,
        "MSE": 16.145823571211523,
        "MAE": 2.2639580858130324,
        "RMSE": 4.018186602338363,
        "R^2": 0.8036029629782904,
        "MRE": 0.18095854636450218,
        "min_error": 0.00010624076779941483,
        "max_error": 16.16405260930062,
        "std_error": 3.319686334112504
    }
}