{
    "in_sample": {
        "total_samples": 9922,
        "Mean of Predicted": 9.999045561694574,
        "Mean of Targets": 10.004632954550905,
        "MSE": 0.00699777758524343,
        "MAE": 0.04868902835230946,
        "RMSE": 0.08365272013056975,
        "R^2": 0.9998054993281547,
        "MRE": 0.01427209909901494,
        "min_error": 0.0,
        "max_error": 1.3119068683385837,
        "std_error": 0.06802320268372723
    },
    "out_of_sample": {
        "total_samples": 4135,
        "Mean of Predicted": 10.024370211813581,
        "Mean of Targets": 10.028953962687426,
        "MSE": 0.00979637918156376,
        "MAE": 0.05290433572048864,
        "RMSE": 0.09897665978180795,
        "R^2": 0.9997246471743201,
        "MRE": 0.014167904317375673,
        "min_error": 1.2873506546551283e-05,
        "max_error": 1.5450555377006525,
        "std_error": 0.08365112338479137
    }
}