{
    "in_sample": {
        "total_samples": 10580,
        "Mean of Predicted": 14.683616317804791,
        "Mean of Targets": 14.628449535387258,
        "MSE": 0.0288861685144278,
        "MAE": 0.14013964433916049,
        "RMSE": 0.1699593142914733,
        "R^2": 0.9997234184952355,
        "MRE": 0.022637918441174312,
        "min_error": 3.5038205986381854e-05,
        "max_error": 1.4976296958267525,
        "std_error": 0.09616157548065343
    },
    "out_of_sample": {
        "total_samples": 5669,
        "Mean of Predicted": 14.59599565802921,
        "Mean of Targets": 14.54072283318933,
        "MSE": 0.028962484815755637,
        "MAE": 0.1398597457481686,
        "RMSE": 0.17018367963983985,
        "R^2": 0.9997176536976982,
        "MRE": 0.023133667101378125,
        "min_error": 3.245726666101234e-06,
        "max_error": 0.9884644974231733,
        "std_error": 0.09696255119897204
    }
}