{
    "in_sample": {
        "total_samples": 7640,
        "Mean of Predicted": 10.942805420545326,
        "Mean of Targets": 10.942827576190862,
        "MSE": 9.630014005527847e-05,
        "MAE": 0.005929332803443725,
        "RMSE": 0.00981326347629974,
        "R^2": 0.9999981352170755,
        "MRE": 0.0017418648631845888,
        "min_error": 2.2749721981796256e-06,
        "max_error": 0.11928475486933987,
        "std_error": 0.007819408709185412
    },
    "out_of_sample": {
        "total_samples": 3184,
        "Mean of Predicted": 10.882689026902442,
        "Mean of Targets": 10.882594187665722,
        "MSE": 0.00014188915072613472,
        "MAE": 0.006555707137824592,
        "RMSE": 0.01191172324754629,
        "R^2": 0.9999972611284189,
        "MRE": 0.002023774355400811,
        "min_error": 1.1374860999779912e-06,
        "max_error": 0.1649855339169548,
        "std_error": 0.009945443914135276
    }
}