{
    "in_sample": {
        "total_samples": 10170,
        "Mean of Predicted": 9.583964095747762,
        "Mean of Targets": 9.588104090409415,
        "MSE": 0.0018748279972835276,
        "MAE": 0.032017575086060304,
        "RMSE": 0.043299284027377725,
        "R^2": 0.9999492295380576,
        "MRE": 0.007792970630636885,
        "min_error": 1.8416876904625568e-06,
        "max_error": 0.5321760728001621,
        "std_error": 0.02914966351250076
    },
    "out_of_sample": {
        "total_samples": 5449,
        "Mean of Predicted": 9.668284198196696,
        "Mean of Targets": 9.672185871445985,
        "MSE": 0.003170505248264833,
        "MAE": 0.035812895309861,
        "RMSE": 0.05630723975000757,
        "R^2": 0.999915418957509,
        "MRE": 0.00847317839739298,
        "min_error": 2.5970917938877847e-05,
        "max_error": 1.0487116597116,
        "std_error": 0.0434504519860239
    }
}