{
    "in_sample": {
        "total_samples": 9885,
        "Mean of Predicted": 14.18760806873847,
        "Mean of Targets": 14.203644216383736,
        "MSE": 0.006675609876467718,
        "MAE": 0.06147726496337553,
        "RMSE": 0.08170440548995946,
        "R^2": 0.9999228673161392,
        "MRE": 0.016569028893701543,
        "min_error": 9.150034188110112e-06,
        "max_error": 1.082583245086667,
        "std_error": 0.053815943446999394
    },
    "out_of_sample": {
        "total_samples": 5297,
        "Mean of Predicted": 14.231433248251749,
        "Mean of Targets": 14.248269791467358,
        "MSE": 0.012358951087675367,
        "MAE": 0.06746955814594928,
        "RMSE": 0.11117081940723189,
        "R^2": 0.9998571337594525,
        "MRE": 0.017000757298419447,
        "min_error": 1.1246917023477465e-05,
        "max_error": 4.112025364637368,
        "std_error": 0.08835615321677227
    }
}