{
    "in_sample": {
        "total_samples": 2176,
        "Mean of Predicted": 13.146620245276388,
        "Mean of Targets": 13.15768999155929,
        "MSE": 0.004368318546951014,
        "MAE": 0.047280363216000425,
        "RMSE": 0.06609325644081258,
        "R^2": 0.9999253166031362,
        "MRE": 0.006856051438777704,
        "min_error": 1.5538901116940451e-06,
        "max_error": 0.62961762551069,
        "std_error": 0.046183176602677393
    },
    "out_of_sample": {
        "total_samples": 1254,
        "Mean of Predicted": 12.485834279817087,
        "Mean of Targets": 14.468652422062416,
        "MSE": 16.57657518254172,
        "MAE": 1.9925161769323882,
        "RMSE": 4.071434044970116,
        "R^2": 0.8054880618245105,
        "MRE": 0.13623309141556272,
        "min_error": 0.00016432387903275725,
        "max_error": 13.565765275273169,
        "std_error": 3.5505569235268517
    }
}