{
    "in_sample": {
        "total_samples": 10896,
        "Mean of Predicted": 9.622718500653765,
        "Mean of Targets": 9.630051166395813,
        "MSE": 0.001843750160861865,
        "MAE": 0.030937240804147396,
        "RMSE": 0.0429389119664421,
        "R^2": 0.9999509683016153,
        "MRE": 0.007691722187124426,
        "min_error": 9.988784763770298e-07,
        "max_error": 0.4797133872985846,
        "std_error": 0.02977645533450989
    },
    "out_of_sample": {
        "total_samples": 4541,
        "Mean of Predicted": 9.608086908005134,
        "Mean of Targets": 9.615783464753113,
        "MSE": 0.002003821421586202,
        "MAE": 0.03170588905287052,
        "RMSE": 0.04476406395297686,
        "R^2": 0.9999450204572674,
        "MRE": 0.007397219391073148,
        "min_error": 2.497196195605511e-06,
        "max_error": 0.4323985115051272,
        "std_error": 0.031599968685953904
    }
}