{
    "in_sample": {
        "total_samples": 10580,
        "Mean of Predicted": 14.592994743598325,
        "Mean of Targets": 14.628449535387263,
        "MSE": 0.025900587380354,
        "MAE": 0.11712099826896723,
        "RMSE": 0.16093659428592988,
        "R^2": 0.9997520050667722,
        "MRE": 0.022442384096179137,
        "min_error": 5.8397009929933574e-06,
        "max_error": 1.7356125278234487,
        "std_error": 0.11037780186629274
    },
    "out_of_sample": {
        "total_samples": 5669,
        "Mean of Predicted": 14.507931319025179,
        "Mean of Targets": 14.54072283318933,
        "MSE": 0.03056241884053149,
        "MAE": 0.1262504468367248,
        "RMSE": 0.17482110524914174,
        "R^2": 0.999702056435975,
        "MRE": 0.023238047846731873,
        "min_error": 5.42257949716074e-05,
        "max_error": 1.5094625985324441,
        "std_error": 0.12092660383083126
    }
}