{
    "in_sample": {
        "total_samples": 2176,
        "Mean of Predicted": 13.146022243126836,
        "Mean of Targets": 13.157689961453139,
        "MSE": 0.004539961361190051,
        "MAE": 0.04988151635380894,
        "RMSE": 0.06737923538591137,
        "R^2": 0.999922382094158,
        "MRE": 0.007437236557353531,
        "min_error": 1.4856684206421278e-05,
        "max_error": 0.381844021397832,
        "std_error": 0.04529675140045632
    },
    "out_of_sample": {
        "total_samples": 1168,
        "Mean of Predicted": 12.546605506709923,
        "Mean of Targets": 12.54422851547826,
        "MSE": 0.009271783118341606,
        "MAE": 0.06518655529496116,
        "RMSE": 0.09629009875548787,
        "R^2": 0.9998255430967586,
        "MRE": 0.009631481598089778,
        "min_error": 2.1665997802955417e-05,
        "max_error": 0.6543874170780164,
        "std_error": 0.07086957123560561
    }
}