{
    "in_sample": {
        "total_samples": 2176,
        "Mean of Predicted": 13.14678375951045,
        "Mean of Targets": 13.157690023737608,
        "MSE": 0.004042561853412811,
        "MAE": 0.045835911868783864,
        "RMSE": 0.06358114385108851,
        "R^2": 0.999930885935525,
        "MRE": 0.006789477065882013,
        "min_error": 4.542028904097606e-06,
        "max_error": 0.4039453405737845,
        "std_error": 0.0440639425899441
    },
    "out_of_sample": {
        "total_samples": 1168,
        "Mean of Predicted": 12.548756646031588,
        "Mean of Targets": 12.54422851591249,
        "MSE": 0.014621067673980604,
        "MAE": 0.06658129631543493,
        "RMSE": 0.12091760696433172,
        "R^2": 0.9997248915143996,
        "MRE": 0.009363704978707053,
        "min_error": 4.42847818131753e-05,
        "max_error": 2.49131420889497,
        "std_error": 0.10093561638458873
    }
}