{
    "in_sample": {
        "total_samples": 2325,
        "Mean of Predicted": 11.930531869848128,
        "Mean of Targets": 11.94864537994367,
        "MSE": 0.24884231128443174,
        "MAE": 0.27152734214758134,
        "RMSE": 0.49884096792909033,
        "R^2": 0.9966086546899802,
        "MRE": 0.04691394235691366,
        "min_error": 8.577167987766643e-05,
        "max_error": 3.9281190743386762,
        "std_error": 0.41846769738021844
    },
    "out_of_sample": {
        "total_samples": 1246,
        "Mean of Predicted": 11.902436867661024,
        "Mean of Targets": 11.935729525374482,
        "MSE": 1.0714784999513802,
        "MAE": 0.4528861902961941,
        "RMSE": 1.0351224565003796,
        "R^2": 0.9862193164269931,
        "MRE": 0.07729004745074998,
        "min_error": 0.00031306663155294956,
        "max_error": 10.015101896327728,
        "std_error": 0.930791382958813
    }
}