{
    "in_sample": {
        "total_samples": 9922,
        "Mean of Predicted": 10.002341066184618,
        "Mean of Targets": 10.002289644700232,
        "MSE": 0.002289501813778383,
        "MAE": 0.029355981292518644,
        "RMSE": 0.04784873889433642,
        "R^2": 0.999935439299544,
        "MRE": 0.006926707372558767,
        "min_error": 0.0,
        "max_error": 0.7503783181942985,
        "std_error": 0.03778529047303565
    },
    "out_of_sample": {
        "total_samples": 4135,
        "Mean of Predicted": 9.896238432777897,
        "Mean of Targets": 9.89609767181036,
        "MSE": 0.0034854376934395615,
        "MAE": 0.03300615800050887,
        "RMSE": 0.059037595593312925,
        "R^2": 0.9999036129218678,
        "MRE": 0.008333978780507447,
        "min_error": 1.2705150245650998e-05,
        "max_error": 0.8491961742058396,
        "std_error": 0.04894927198115418
    }
}