{
    "in_sample": {
        "total_samples": 2176,
        "Mean of Predicted": 13.325181849279929,
        "Mean of Targets": 13.15768996145314,
        "MSE": 0.49492486377922035,
        "MAE": 0.513858511897251,
        "RMSE": 0.7035089649600923,
        "R^2": 0.9915384673085373,
        "MRE": 0.11751571163364442,
        "min_error": 5.26174232362564e-05,
        "max_error": 2.7287231647826715,
        "std_error": 0.48049380176019246
    },
    "out_of_sample": {
        "total_samples": 1254,
        "Mean of Predicted": 12.363807405607355,
        "Mean of Targets": 14.247433197015766,
        "MSE": 16.831306987001916,
        "MAE": 2.3512772740584444,
        "RMSE": 4.102597590186237,
        "R^2": 0.7952647750131501,
        "MRE": 0.18901291534194067,
        "min_error": 0.0010453457047217007,
        "max_error": 14.380676045894617,
        "std_error": 3.361964034236268
    }
}