{
    "in_sample": {
        "total_samples": 9260,
        "Mean of Predicted": 9.989850032199241,
        "Mean of Targets": 9.998774370060461,
        "MSE": 0.012590433411419726,
        "MAE": 0.06674061839089528,
        "RMSE": 0.1122071005392249,
        "R^2": 0.9996493842782033,
        "MRE": 0.017642685285299508,
        "min_error": 1.5145301830443714e-06,
        "max_error": 1.4620490606546404,
        "std_error": 0.09020046157432134
    },
    "out_of_sample": {
        "total_samples": 4962,
        "Mean of Predicted": 9.924754398632556,
        "Mean of Targets": 9.935033403476835,
        "MSE": 0.014746826920047557,
        "MAE": 0.07016220711119299,
        "RMSE": 0.12143651394884307,
        "R^2": 0.9995833997218385,
        "MRE": 0.017664250003776798,
        "min_error": 9.087181092937158e-06,
        "max_error": 1.7488522335052537,
        "std_error": 0.09911655569748991
    }
}