{
    "in_sample": {
        "total_samples": 2268,
        "Mean of Predicted": 12.650213929168032,
        "Mean of Targets": 12.625720111616578,
        "MSE": 0.01602230908857121,
        "MAE": 0.09909091438930898,
        "RMSE": 0.12657926010437576,
        "R^2": 0.9997476132478171,
        "MRE": 0.01339445971462923,
        "min_error": 7.549001202189487e-05,
        "max_error": 0.43705772535800946,
        "std_error": 0.07876102953911816
    },
    "out_of_sample": {
        "total_samples": 1218,
        "Mean of Predicted": 12.090258021141436,
        "Mean of Targets": 12.059941683139362,
        "MSE": 0.015261999042392015,
        "MAE": 0.09777951062002815,
        "RMSE": 0.12353946350212153,
        "R^2": 0.9997296104094286,
        "MRE": 0.014417008196268828,
        "min_error": 1.378240882843329e-05,
        "max_error": 0.44035297401547524,
        "std_error": 0.07550606826805259
    }
}