{
    "in_sample": {
        "total_samples": 7653,
        "Mean of Predicted": 11.067569023790066,
        "Mean of Targets": 11.0798566545383,
        "MSE": 0.0022360466761685155,
        "MAE": 0.03215051436060648,
        "RMSE": 0.04728685521546676,
        "R^2": 0.9999592897553662,
        "MRE": 0.011010811192913311,
        "min_error": 7.1685075724303715e-06,
        "max_error": 0.6703367014408101,
        "std_error": 0.03467551156820837
    },
    "out_of_sample": {
        "total_samples": 3190,
        "Mean of Predicted": 11.122665826196936,
        "Mean of Targets": 11.134374224440789,
        "MSE": 0.0025502721057092336,
        "MAE": 0.033119608599311796,
        "RMSE": 0.05050021886793397,
        "R^2": 0.9999515836152953,
        "MRE": 0.010151563820199784,
        "min_error": 1.0752761362198271e-05,
        "max_error": 0.6703367014408101,
        "std_error": 0.03812300659624875
    }
}