{
    "in_sample": {
        "total_samples": 2176,
        "Mean of Predicted": 13.15677553743181,
        "Mean of Targets": 13.157689961453139,
        "MSE": 0.9903428412893363,
        "MAE": 0.7369455765345597,
        "RMSE": 0.9951597064237158,
        "R^2": 0.9830685040485987,
        "MRE": 0.16034554092521602,
        "min_error": 0.00021851706356201817,
        "max_error": 8.278629759001731,
        "std_error": 0.6687705574526152
    },
    "out_of_sample": {
        "total_samples": 1254,
        "Mean of Predicted": 12.52140060892373,
        "Mean of Targets": 14.247433197015766,
        "MSE": 15.387776416601634,
        "MAE": 2.1866351939777964,
        "RMSE": 3.922725636161881,
        "R^2": 0.8128238128427454,
        "MRE": 0.207430213687306,
        "min_error": 0.001137464884668482,
        "max_error": 18.98632986211181,
        "std_error": 3.2567472952409617
    }
}