S0,m,r,T,corp,alpha,beta,omega,gamma,lambda,sigma,V
102.430205367323,0.8,0.000198412698412698,0.119047619047619,1,3.2e-05,0.65,8e-06,0.4,0.45,0.001,20.4860410734646
