S0,m,r,T,corp,alpha,beta,omega,gamma,lambda,sigma,V
101.284887461135,0.9,0.000198412698412698,0.277777777777778,1,1.2e-06,0.8,1e-06,0.4,0.45,0.001,10.1284887461135
