{
    "in_sample": {
        "total_samples": 9885,
        "Mean of Predicted": 14.211123880497182,
        "Mean of Targets": 14.203644216383736,
        "MSE": 0.0073458053371416926,
        "MAE": 0.06620596034783285,
        "RMSE": 0.08570767373544619,
        "R^2": 0.9999151236079913,
        "MRE": 0.01308591888805499,
        "min_error": 7.625028489499641e-06,
        "max_error": 0.9813899669766428,
        "std_error": 0.05442955218962284
    },
    "out_of_sample": {
        "total_samples": 5297,
        "Mean of Predicted": 14.254122093092178,
        "Mean of Targets": 14.248269791467358,
        "MSE": 0.011883322927036472,
        "MAE": 0.06926369434936186,
        "RMSE": 0.10901065510782179,
        "R^2": 0.9998626318965296,
        "MRE": 0.013057159726854081,
        "min_error": 3.050011395977492e-05,
        "max_error": 4.424904683715106,
        "std_error": 0.08417757166914862
    }
}