{
    "in_sample": {
        "total_samples": 2176,
        "Mean of Predicted": 13.142747650765608,
        "Mean of Targets": 13.15769002373761,
        "MSE": 0.0038126591697599374,
        "MAE": 0.045573711191898285,
        "RMSE": 0.06174673408173049,
        "R^2": 0.9999348164898312,
        "MRE": 0.006659766744674952,
        "min_error": 2.271014450272446e-06,
        "max_error": 0.6536978839158891,
        "std_error": 0.0416616852510479
    },
    "out_of_sample": {
        "total_samples": 1168,
        "Mean of Predicted": 12.540862870472914,
        "Mean of Targets": 12.544228515912488,
        "MSE": 0.009127108524876817,
        "MAE": 0.060206192889731204,
        "RMSE": 0.09553590175885093,
        "R^2": 0.9998282652771892,
        "MRE": 0.008467348995516601,
        "min_error": 1.1355072260244015e-06,
        "max_error": 0.896415959993007,
        "std_error": 0.07417764395423529
    }
}