{
    "in_sample": {
        "total_samples": 10580,
        "Mean of Predicted": 14.665415124342308,
        "Mean of Targets": 14.628449535387261,
        "MSE": 0.01788117555182362,
        "MAE": 0.10507751826763403,
        "RMSE": 0.13372051283114203,
        "R^2": 0.9998287899470429,
        "MRE": 0.02019204123515946,
        "min_error": 9.489514120719633e-06,
        "max_error": 1.410254421025499,
        "std_error": 0.08270363176148104
    },
    "out_of_sample": {
        "total_samples": 5669,
        "Mean of Predicted": 14.57815376900651,
        "Mean of Targets": 14.54072283318933,
        "MSE": 0.01777537919521768,
        "MAE": 0.10513913616950821,
        "RMSE": 0.13332433834532118,
        "R^2": 0.9998267133286487,
        "MRE": 0.019991843229511388,
        "min_error": 1.9187588989666438e-05,
        "max_error": 0.7260884001195436,
        "std_error": 0.08198256668796902
    }
}