{
    "in_sample": {
        "total_samples": 10580,
        "Mean of Predicted": 14.611588799768544,
        "Mean of Targets": 14.628449535387261,
        "MSE": 0.023601090913700908,
        "MAE": 0.11184126512683057,
        "RMSE": 0.1536264655380085,
        "R^2": 0.9997740224621436,
        "MRE": 0.022778738619422704,
        "min_error": 3.0032747982744468e-05,
        "max_error": 1.839475781267879,
        "std_error": 0.1053215188293964
    },
    "out_of_sample": {
        "total_samples": 5669,
        "Mean of Predicted": 14.524392471721251,
        "Mean of Targets": 14.54072283318933,
        "MSE": 0.0260075059666954,
        "MAE": 0.11834415020860128,
        "RMSE": 0.16126842830106394,
        "R^2": 0.9997464608721074,
        "MRE": 0.023700588569203703,
        "min_error": 3.336971994727378e-06,
        "max_error": 1.5476942867159877,
        "std_error": 0.10955440693143938
    }
}