S0,m,r,T,corp,alpha,beta,omega,gamma,lambda,sigma,V
100.810402310779,1,0.000198412698412698,0.793650793650794,1,1.1e-06,0.75,1e-07,90,0.45,0.297668707370758,10.6357705341665
