S0,m,r,T,corp,alpha,beta,omega,gamma,lambda,sigma,V
110.474131778523,1,0.000198412698412698,0.698412698412698,1,1.3e-06,0.82,1.5e-06,120,0.5,0.337330913543701,12.385032016922
