V,Sigma,S
37.5787797250986,1,104.668228980692
47.4151914954578,1,105.041996110373
57.0334461885849,0.93803596496582,105.956732031607
66.9976083581371,0.845191955566406,106.017525133789
76.7922428142381,0.782032012939453,106.49857049938
