{
    "in_sample": {
        "total_samples": 2176,
        "Mean of Predicted": 13.149554630993835,
        "Mean of Targets": 13.157689945227105,
        "MSE": 0.0028981574529112894,
        "MAE": 0.036769390588076954,
        "RMSE": 0.05383453773286522,
        "R^2": 0.9999504513594849,
        "MRE": 0.004967316218354356,
        "min_error": 1.0892376304028062e-05,
        "max_error": 0.3852555695921147,
        "std_error": 0.039321360209086456
    },
    "out_of_sample": {
        "total_samples": 1254,
        "Mean of Predicted": 12.424872438343764,
        "Mean of Targets": 14.247433120537929,
        "MSE": 15.320874091070111,
        "MAE": 1.8440409210033912,
        "RMSE": 3.9141888164816616,
        "R^2": 0.8136376066732052,
        "MRE": 0.1280637835940549,
        "min_error": 0.00012915246188782703,
        "max_error": 13.476096200570467,
        "std_error": 3.452591370656984
    }
}