{
    "in_sample": {
        "total_samples": 7066,
        "Mean of Predicted": 12.1943157692639,
        "Mean of Targets": 12.207225359250389,
        "MSE": 0.005855181580530922,
        "MAE": 0.05359564463643636,
        "RMSE": 0.07651915825811809,
        "R^2": 0.9998984335906899,
        "MRE": 0.009396283150014081,
        "min_error": 1.211725622418669e-05,
        "max_error": 0.9660386862158781,
        "std_error": 0.054613995061117374
    },
    "out_of_sample": {
        "total_samples": 3786,
        "Mean of Predicted": 12.36894405019021,
        "Mean of Targets": 12.382570733613035,
        "MSE": 0.008298471714566939,
        "MAE": 0.059628093353535354,
        "RMSE": 0.091095947849325,
        "R^2": 0.99985760982572,
        "MRE": 0.009707785359986221,
        "min_error": 1.530600786381342e-05,
        "max_error": 1.3141559780299659,
        "std_error": 0.06886916724913268
    }
}