{
    "in_sample": {
        "total_samples": 9334,
        "Mean of Predicted": 9.099198692163904,
        "Mean of Targets": 9.100782408014569,
        "MSE": 0.0013266915844865061,
        "MAE": 0.025641276689654054,
        "RMSE": 0.03642377773497014,
        "R^2": 0.9999625940961676,
        "MRE": 0.00803536840996172,
        "min_error": 3.2419905053870934e-06,
        "max_error": 0.5101874146163468,
        "std_error": 0.02586921943567509
    },
    "out_of_sample": {
        "total_samples": 5001,
        "Mean of Predicted": 8.896823767194503,
        "Mean of Targets": 8.897172148152123,
        "MSE": 0.0022393370215459006,
        "MAE": 0.026736977721947847,
        "RMSE": 0.047321633758207256,
        "R^2": 0.9999354251620014,
        "MRE": 0.008586926288941709,
        "min_error": 2.315707504862985e-06,
        "max_error": 1.9778105810523066,
        "std_error": 0.0390444752025426
    }
}