{
    "in_sample": {
        "total_samples": 7066,
        "Mean of Predicted": 12.192479264300017,
        "Mean of Targets": 12.207225359250389,
        "MSE": 0.005740727491071554,
        "MAE": 0.05213328917891902,
        "RMSE": 0.07576758865815617,
        "R^2": 0.9999004189588184,
        "MRE": 0.008306603614568208,
        "min_error": 2.551001312411927e-06,
        "max_error": 0.9509775744795803,
        "std_error": 0.05498042970420256
    },
    "out_of_sample": {
        "total_samples": 3786,
        "Mean of Predicted": 12.367060900204878,
        "Mean of Targets": 12.382570733613035,
        "MSE": 0.007918845471069734,
        "MAE": 0.05866953470779438,
        "RMSE": 0.08898789508168925,
        "R^2": 0.9998641236813831,
        "MRE": 0.00866340526898209,
        "min_error": 1.913250978091696e-06,
        "max_error": 0.9023580405056464,
        "std_error": 0.06690837890907719
    }
}