{
    "in_sample": {
        "total_samples": 53,
        "Mean of Predicted": 0.1863964505802725,
        "Mean of Targets": 0.22069400019812135,
        "MSE": 0.003368767508997806,
        "MAE": 0.04618479705498859,
        "RMSE": 0.05804108466420839,
        "R^2": -0.5717199440174727,
        "MRE": 0.19509060507853862,
        "min_error": 0.0011322420582175474,
        "max_error": 0.14202377771276234,
        "std_error": 0.03515298038555655
    },
    "out_of_sample": {
        "total_samples": 23,
        "Mean of Predicted": 0.1868487329495368,
        "Mean of Targets": 0.2220021291745237,
        "MSE": 0.0038910442130112685,
        "MAE": 0.04979565038026318,
        "RMSE": 0.06237823509054475,
        "R^2": -0.5260145153595579,
        "MRE": 0.21005843127685686,
        "min_error": 0.001971466438829894,
        "max_error": 0.13794539631047842,
        "std_error": 0.03756910188197029
    }
}