{
    "in_sample": {
        "total_samples": 53,
        "Mean of Predicted": 0.17126203065755966,
        "Mean of Targets": 0.2277370190628301,
        "MSE": 0.005330576386522835,
        "MAE": 0.059622693938450856,
        "RMSE": 0.07301079636959752,
        "R^2": -1.4873004824505633,
        "MRE": 0.23796545310322656,
        "min_error": 0.0025053246032595566,
        "max_error": 0.15376211611166593,
        "std_error": 0.04213918312028188
    },
    "out_of_sample": {
        "total_samples": 23,
        "Mean of Predicted": 0.17125652771680772,
        "Mean of Targets": 0.2150476966345825,
        "MSE": 0.004214795117438024,
        "MAE": 0.05505049360241091,
        "RMSE": 0.0649214534452058,
        "R^2": -0.8282814781280037,
        "MRE": 0.23900247865309227,
        "min_error": 0.0032284521676301803,
        "max_error": 0.15029244111317394,
        "std_error": 0.034412763207405175
    }
}