{
    "in_sample": {
        "total_samples": 9260,
        "Mean of Predicted": 9.98712970549912,
        "Mean of Targets": 9.998774370060461,
        "MSE": 0.017717882465110666,
        "MAE": 0.07982464244399502,
        "RMSE": 0.13310853640961826,
        "R^2": 0.9995065961634347,
        "MRE": 0.018189209538812673,
        "min_error": 1.5145301826002822e-06,
        "max_error": 1.595988430452346,
        "std_error": 0.10651717666085135
    },
    "out_of_sample": {
        "total_samples": 4962,
        "Mean of Predicted": 9.922949129668988,
        "Mean of Targets": 9.935033403476835,
        "MSE": 0.020610604362753936,
        "MAE": 0.08216532042796486,
        "RMSE": 0.1435639382392178,
        "R^2": 0.9994177470477444,
        "MRE": 0.01775284818705654,
        "min_error": 2.2717952731454716e-05,
        "max_error": 1.9980681749343887,
        "std_error": 0.11772622682190997
    }
}