{
    "in_sample": {
        "total_samples": 10896,
        "Mean of Predicted": 9.600940486337937,
        "Mean of Targets": 9.60082510341012,
        "MSE": 0.0006747490120822703,
        "MAE": 0.018274225406428504,
        "RMSE": 0.025975931399706734,
        "R^2": 0.999982050699109,
        "MRE": 0.003559930602523056,
        "min_error": 2.006781102181776e-06,
        "max_error": 0.17205739805698173,
        "std_error": 0.018460815200779006
    },
    "out_of_sample": {
        "total_samples": 4541,
        "Mean of Predicted": 9.681483875542579,
        "Mean of Targets": 9.681177406955968,
        "MSE": 0.0007768429176293999,
        "MAE": 0.018855480510976557,
        "RMSE": 0.027871901937783147,
        "R^2": 0.9999787946093411,
        "MRE": 0.00345196383034299,
        "min_error": 1.003390551090888e-06,
        "max_error": 0.5000689046479763,
        "std_error": 0.020525929268356724
    }
}