{
    "in_sample": {
        "total_samples": 7640,
        "Mean of Predicted": 11.019669065508854,
        "Mean of Targets": 11.025634374834329,
        "MSE": 0.0017177880628951637,
        "MAE": 0.028812041881467087,
        "RMSE": 0.04144620685774711,
        "R^2": 0.9999674796673266,
        "MRE": 0.009410624623093354,
        "min_error": 2.2749721999559824e-06,
        "max_error": 0.3068027509450886,
        "std_error": 0.02979352791321884
    },
    "out_of_sample": {
        "total_samples": 3184,
        "Mean of Predicted": 10.909682303783077,
        "Mean of Targets": 10.915933178379811,
        "MSE": 0.0018226819834764871,
        "MAE": 0.029470779503199204,
        "RMSE": 0.04269287977492836,
        "R^2": 0.9999647922977105,
        "MRE": 0.009771340551454625,
        "min_error": 4.2086985704514746e-05,
        "max_error": 0.29235412701547536,
        "std_error": 0.03088940172535397
    }
}