{
    "in_sample": {
        "total_samples": 7571,
        "Mean of Predicted": 12.298997811976946,
        "Mean of Targets": 12.29673332518589,
        "MSE": 0.003032665079650975,
        "MAE": 0.039889849101171396,
        "RMSE": 0.05506963845578591,
        "R^2": 0.9999467103370763,
        "MRE": 0.007377483407577267,
        "min_error": 5.102002624823854e-06,
        "max_error": 1.023739784854655,
        "std_error": 0.03796663032633724
    },
    "out_of_sample": {
        "total_samples": 3155,
        "Mean of Predicted": 12.290783407623213,
        "Mean of Targets": 12.290232452587796,
        "MSE": 0.003501289768020234,
        "MAE": 0.04228637003757826,
        "RMSE": 0.05917169735625499,
        "R^2": 0.9999423610964395,
        "MRE": 0.007689578747113611,
        "min_error": 5.10200262127114e-06,
        "max_error": 0.5848553154170517,
        "std_error": 0.04139024857457658
    }
}