{
    "in_sample": {
        "total_samples": 2325,
        "Mean of Predicted": 11.924767958390387,
        "Mean of Targets": 11.94864537994367,
        "MSE": 0.09578737361696506,
        "MAE": 0.1943844428986343,
        "RMSE": 0.3094953531427654,
        "R^2": 0.9986945625983047,
        "MRE": 0.04104201237773855,
        "min_error": 8.062537908415379e-05,
        "max_error": 2.6243029107928315,
        "std_error": 0.24083617248235906
    },
    "out_of_sample": {
        "total_samples": 1246,
        "Mean of Predicted": 11.896586700116242,
        "Mean of Targets": 11.935729525374482,
        "MSE": 0.622508672702473,
        "MAE": 0.3511942772793806,
        "RMSE": 0.7889921879857069,
        "R^2": 0.9919936843899765,
        "MRE": 0.06380285906224853,
        "min_error": 0.00016167961657354013,
        "max_error": 8.285774144339562,
        "std_error": 0.706520525044168
    }
}