{
    "in_sample": {
        "total_samples": 2268,
        "Mean of Predicted": 12.609090022771898,
        "Mean of Targets": 12.625720111616578,
        "MSE": 0.002450113602791075,
        "MAE": 0.03392286850596991,
        "RMSE": 0.04949862223124069,
        "R^2": 0.9999614052998685,
        "MRE": 0.009914323647583951,
        "min_error": 4.5106065273969875e-05,
        "max_error": 0.5599341648399871,
        "std_error": 0.036046533746225184
    },
    "out_of_sample": {
        "total_samples": 1218,
        "Mean of Predicted": 12.050991684585336,
        "Mean of Targets": 12.059941683139362,
        "MSE": 0.0028408700703594692,
        "MAE": 0.037108761971125406,
        "RMSE": 0.05329981304244387,
        "R^2": 0.9999496696538208,
        "MRE": 0.011081923726858886,
        "min_error": 4.385311903387645e-06,
        "max_error": 0.2770790412962434,
        "std_error": 0.038259768103450734
    }
}