{
    "in_sample": {
        "total_samples": 2176,
        "Mean of Predicted": 13.138863038978286,
        "Mean of Targets": 13.157690023737608,
        "MSE": 0.017986734029642865,
        "MAE": 0.08814086875515166,
        "RMSE": 0.1341146301849387,
        "R^2": 0.9996924879963507,
        "MRE": 0.01475686048750919,
        "min_error": 4.428478181495166e-05,
        "max_error": 1.9242759654521961,
        "std_error": 0.10108373402644955
    },
    "out_of_sample": {
        "total_samples": 1168,
        "Mean of Predicted": 12.541943148333004,
        "Mean of Targets": 12.544228515912488,
        "MSE": 0.028208223852630127,
        "MAE": 0.1136471720819231,
        "RMSE": 0.16795304061740032,
        "R^2": 0.9994692369997448,
        "MRE": 0.01789796991706868,
        "min_error": 0.000185087677834872,
        "max_error": 1.1870728801369665,
        "std_error": 0.12366302652940321
    }
}