{
    "in_sample": {
        "total_samples": 2268,
        "Mean of Predicted": 12.604296388001062,
        "Mean of Targets": 12.625720111616578,
        "MSE": 0.004870194137033948,
        "MAE": 0.05197715266674732,
        "RMSE": 0.06978677623328039,
        "R^2": 0.9999232836868923,
        "MRE": 0.013067243160734456,
        "min_error": 5.262374281400639e-05,
        "max_error": 1.090825035428999,
        "std_error": 0.04656790458772641
    },
    "out_of_sample": {
        "total_samples": 1289,
        "Mean of Predicted": 9.709164815671242,
        "Mean of Targets": 9.813092400450902,
        "MSE": 0.8147035477643242,
        "MAE": 0.6165408952417876,
        "RMSE": 0.9026092996221146,
        "R^2": 0.9799973710810618,
        "MRE": 0.0980011158364508,
        "min_error": 4.0094280247870984e-05,
        "max_error": 2.741855498562752,
        "std_error": 0.6592274814195622
    }
}