{
    "in_sample": {
        "total_samples": 10580,
        "Mean of Predicted": 14.684399929166052,
        "Mean of Targets": 14.628449535387261,
        "MSE": 0.023487964999374306,
        "MAE": 0.12261776003175315,
        "RMSE": 0.15325783829668976,
        "R^2": 0.9997751056288362,
        "MRE": 0.023970587208445727,
        "min_error": 0.0,
        "max_error": 1.194132092589136,
        "std_error": 0.09193938179131785
    },
    "out_of_sample": {
        "total_samples": 5669,
        "Mean of Predicted": 14.599190861494613,
        "Mean of Targets": 14.54072283318933,
        "MSE": 0.02467093623071696,
        "MAE": 0.12444515874273512,
        "RMSE": 0.15706984507128338,
        "R^2": 0.9997594906768745,
        "MRE": 0.0245309557809693,
        "min_error": 5.005457996531959e-06,
        "max_error": 0.7126149585552497,
        "std_error": 0.09583495550274138
    }
}