{
    "in_sample": {
        "total_samples": 6800,
        "Mean of Predicted": 12.266181905602515,
        "Mean of Targets": 12.25719530296196,
        "MSE": 2.9499554730987247,
        "MAE": 0.720892808677817,
        "RMSE": 1.717543441400748,
        "R^2": 0.9363035241486134,
        "MRE": 0.11393539875337692,
        "min_error": 2.5564885138606996e-05,
        "max_error": 9.651737975057962,
        "std_error": 1.5589320163160842
    },
    "out_of_sample": {
        "total_samples": 2834,
        "Mean of Predicted": 12.047798113360162,
        "Mean of Targets": 12.104173274798127,
        "MSE": 3.1413929050089657,
        "MAE": 0.7329310472879319,
        "RMSE": 1.7723975019754925,
        "R^2": 0.9311602732192421,
        "MRE": 0.11618415979561572,
        "min_error": 0.0001363460540773076,
        "max_error": 9.619635935747626,
        "std_error": 1.6137549333558618
    },
    "implied_volatility": {
        "mean": 0.10371496194504312,
        "min": 3.944304526105059e-31,
        "max": 0.875415563583374,
        "median": 3.944304526105059e-31,
        "std": 0.1340705959373516,
        "count": 2834
    }
}