{
    "in_sample": {
        "total_samples": 6800,
        "Mean of Predicted": 12.26414061756061,
        "Mean of Targets": 12.252602610859944,
        "MSE": 2.8193552925058523,
        "MAE": 0.7097318705768904,
        "RMSE": 1.6790935925390973,
        "R^2": 0.9384817399071776,
        "MRE": 0.11247548870544694,
        "min_error": 1.437537968040914e-05,
        "max_error": 9.051007387948033,
        "std_error": 1.5217213819859667
    },
    "out_of_sample": {
        "total_samples": 2834,
        "Mean of Predicted": 12.113476854400517,
        "Mean of Targets": 12.165394032926486,
        "MSE": 2.9971771791487383,
        "MAE": 0.7317309689594673,
        "RMSE": 1.731235737601537,
        "R^2": 0.9360694656967851,
        "MRE": 0.11993678260369532,
        "min_error": 6.389057635836082e-06,
        "max_error": 9.116478191232684,
        "std_error": 1.5689955284239587
    }
}