{
    "in_sample": {
        "total_samples": 6800,
        "Mean of Predicted": 12.27624901430628,
        "Mean of Targets": 12.318366927879683,
        "MSE": 0.04048126734482008,
        "MAE": 0.08629352659737409,
        "RMSE": 0.2011995709359741,
        "R^2": 0.9991183441245446,
        "MRE": 0.010474894115304521,
        "min_error": 8.52143764618063e-06,
        "max_error": 2.40930494441837,
        "std_error": 0.18175448993686064
    },
    "out_of_sample": {
        "total_samples": 2834,
        "Mean of Predicted": 12.12304974325129,
        "Mean of Targets": 12.16931944700842,
        "MSE": 0.058031152709887596,
        "MAE": 0.09279477400584527,
        "RMSE": 0.24089656018691424,
        "R^2": 0.9987623777749641,
        "MRE": 0.011971858736274932,
        "min_error": 6.444337218791674e-05,
        "max_error": 2.8960574515461914,
        "std_error": 0.22230673095318482
    }
}