{
    "in_sample": {
        "total_samples": 10000,
        "Mean of Predicted": 9.020997025201913,
        "Mean of Targets": 9.044914506265496,
        "MSE": 0.004372371445811325,
        "MAE": 0.04396098439480593,
        "RMSE": 0.06612390978920805,
        "R^2": 0.9998755369868414,
        "MRE": 0.007490044061734973,
        "min_error": 1.018911301908787e-05,
        "max_error": 0.4953113096058388,
        "std_error": 0.04939436503135712
    },
    "out_of_sample": {
        "total_samples": 4168,
        "Mean of Predicted": 9.004286237157752,
        "Mean of Targets": 9.02879556251152,
        "MSE": 0.0044043081864628755,
        "MAE": 0.04436949056170934,
        "RMSE": 0.06636496203918808,
        "R^2": 0.9998752663275146,
        "MRE": 0.007593282617494664,
        "min_error": 7.554995735015169e-06,
        "max_error": 0.4322462577044952,
        "std_error": 0.04935237070047661
    }
}