{
    "in_sample": {
        "total_samples": 7559,
        "Mean of Predicted": 12.326619047002637,
        "Mean of Targets": 12.326485232027935,
        "MSE": 0.001168730992721168,
        "MAE": 0.024975075278431583,
        "RMSE": 0.034186707836835764,
        "R^2": 0.999979581035023,
        "MRE": 0.002299129411367545,
        "min_error": 3.9474263795469255e-06,
        "max_error": 0.1575541929721851,
        "std_error": 0.02334473404341638
    },
    "out_of_sample": {
        "total_samples": 3150,
        "Mean of Predicted": 12.309687804710697,
        "Mean of Targets": 12.309678638766451,
        "MSE": 0.0013842001056491853,
        "MAE": 0.02699074470060153,
        "RMSE": 0.03720483981485723,
        "R^2": 0.999975447334301,
        "MRE": 0.0024554261152964934,
        "min_error": 1.6917541634242639e-06,
        "max_error": 0.22270251792669882,
        "std_error": 0.025606635978904682
    }
}