{
    "in_sample": {
        "total_samples": 9260,
        "Mean of Predicted": 9.98778755169952,
        "Mean of Targets": 9.99877437006046,
        "MSE": 0.008585927936898044,
        "MAE": 0.061545736969312446,
        "RMSE": 0.09266028241322193,
        "R^2": 0.9997609008981247,
        "MRE": 0.018624026190276338,
        "min_error": 6.058120728624772e-06,
        "max_error": 1.0991835316419607,
        "std_error": 0.06926795938817783
    },
    "out_of_sample": {
        "total_samples": 4962,
        "Mean of Predicted": 9.923453993979258,
        "Mean of Targets": 9.935033403476835,
        "MSE": 0.011409293986726124,
        "MAE": 0.06587039320485337,
        "RMSE": 0.10681429673375246,
        "R^2": 0.999677685574377,
        "MRE": 0.019074794227963078,
        "min_error": 2.726154327437058e-05,
        "max_error": 1.1566868349552157,
        "std_error": 0.08408558310295608
    }
}