{
    "in_sample": {
        "total_samples": 6800,
        "Mean of Predicted": 12.17326956780042,
        "Mean of Targets": 12.173233741120708,
        "MSE": 0.00390990888612494,
        "MAE": 0.03962126049855585,
        "RMSE": 0.06252926423783459,
        "R^2": 0.9999146986076058,
        "MRE": 0.004548830772057028,
        "min_error": 5.326017735285404e-06,
        "max_error": 0.49279831278026265,
        "std_error": 0.04837421423269341
    },
    "out_of_sample": {
        "total_samples": 2834,
        "Mean of Predicted": 12.331131115350445,
        "Mean of Targets": 12.330661744669744,
        "MSE": 0.005818149599208024,
        "MAE": 0.04388111497771807,
        "RMSE": 0.07627679594220003,
        "R^2": 0.9998775359178979,
        "MRE": 0.00530110230896278,
        "min_error": 3.082432765533216e-05,
        "max_error": 0.8249937563002092,
        "std_error": 0.06239068317882335
    }
}