{
    "in_sample": {
        "total_samples": 6800,
        "Mean of Predicted": 12.305943218502952,
        "Mean of Targets": 12.305747569849748,
        "MSE": 0.009922557370396769,
        "MAE": 0.05030488272998452,
        "RMSE": 0.09961203426492589,
        "R^2": 0.9997870244388368,
        "MRE": 0.005751141858505596,
        "min_error": 1.704325675966345e-05,
        "max_error": 1.5173590189039707,
        "std_error": 0.08597660230504156
    },
    "out_of_sample": {
        "total_samples": 2834,
        "Mean of Predicted": 12.003535252550272,
        "Mean of Targets": 12.004480365958807,
        "MSE": 0.010217548074719586,
        "MAE": 0.053715614316219615,
        "RMSE": 0.1010818879657458,
        "R^2": 0.9997753123126679,
        "MRE": 0.006747718160323609,
        "min_error": 5.006456673051218e-05,
        "max_error": 1.3183363880932326,
        "std_error": 0.08562815455999695
    }
}