{
    "in_sample": {
        "total_samples": 7066,
        "Mean of Predicted": 12.192685666605977,
        "Mean of Targets": 12.207225359250389,
        "MSE": 0.005506316006177201,
        "MAE": 0.05340004056915879,
        "RMSE": 0.07420455515786885,
        "R^2": 0.9999044851577048,
        "MRE": 0.010248755405646277,
        "min_error": 1.147950589519553e-05,
        "max_error": 0.8761541550457537,
        "std_error": 0.051524282366563784
    },
    "out_of_sample": {
        "total_samples": 3786,
        "Mean of Predicted": 12.368315412856411,
        "Mean of Targets": 12.382570733613035,
        "MSE": 0.008006178952642412,
        "MAE": 0.06053044334522255,
        "RMSE": 0.0894772538282351,
        "R^2": 0.9998626251609218,
        "MRE": 0.010609000367595984,
        "min_error": 1.2755006544296066e-06,
        "max_error": 0.9568576324999327,
        "std_error": 0.06589570836612364
    }
}