{
    "in_sample": {
        "total_samples": 10580,
        "Mean of Predicted": 14.679216101771802,
        "Mean of Targets": 14.628449535387263,
        "MSE": 0.018064727349030953,
        "MAE": 0.106031974332485,
        "RMSE": 0.1344050867676925,
        "R^2": 0.9998270324611982,
        "MRE": 0.018828758282791264,
        "min_error": 6.673944000112897e-06,
        "max_error": 1.1596845306515604,
        "std_error": 0.08259508319619391
    },
    "out_of_sample": {
        "total_samples": 5669,
        "Mean of Predicted": 14.589360344792185,
        "Mean of Targets": 14.54072283318933,
        "MSE": 0.018513562191349604,
        "MAE": 0.10645141589166679,
        "RMSE": 0.13606455156046193,
        "R^2": 0.9998195170110432,
        "MRE": 0.018793923973244954,
        "min_error": 2.0021831986127836e-05,
        "max_error": 1.2732416877508115,
        "std_error": 0.08474466500027597
    }
}