{
    "in_sample": {
        "total_samples": 2268,
        "Mean of Predicted": 12.60966059927687,
        "Mean of Targets": 12.625720111616578,
        "MSE": 0.004984725122794575,
        "MAE": 0.053462884779941336,
        "RMSE": 0.07060258580813152,
        "R^2": 0.9999214795709338,
        "MRE": 0.011576631753020662,
        "min_error": 4.3226645884075765e-05,
        "max_error": 0.784181474238629,
        "std_error": 0.046113393648714376
    },
    "out_of_sample": {
        "total_samples": 1289,
        "Mean of Predicted": 9.549480264001266,
        "Mean of Targets": 9.813092400450904,
        "MSE": 0.9836017167716885,
        "MAE": 0.6767784127765023,
        "RMSE": 0.9917669669694028,
        "R^2": 0.9758505775522828,
        "MRE": 0.10684139854105729,
        "min_error": 1.8794193865190323e-05,
        "max_error": 2.7036349994480577,
        "std_error": 0.7249639279104904
    }
}