{
    "in_sample": {
        "total_samples": 10580,
        "Mean of Predicted": 14.673764062399783,
        "Mean of Targets": 14.628449535387261,
        "MSE": 0.020475642411526447,
        "MAE": 0.11378172607287056,
        "RMSE": 0.14309312496247487,
        "R^2": 0.9998039482464983,
        "MRE": 0.0203893758251305,
        "min_error": 5.005457996531959e-06,
        "max_error": 1.3138292781650946,
        "std_error": 0.08677189189711546
    },
    "out_of_sample": {
        "total_samples": 5669,
        "Mean of Predicted": 14.5852117610662,
        "Mean of Targets": 14.54072283318933,
        "MSE": 0.020859704287437653,
        "MAE": 0.11488547894641633,
        "RMSE": 0.14442889007202697,
        "R^2": 0.9997966451977399,
        "MRE": 0.021058969590427322,
        "min_error": 4.7186869660764685e-05,
        "max_error": 0.9428280683755901,
        "std_error": 0.08752731582020659
    }
}