{
    "in_sample": {
        "total_samples": 9885,
        "Mean of Predicted": 14.217713434967926,
        "Mean of Targets": 14.203644216383736,
        "MSE": 0.012467958455950511,
        "MAE": 0.0880773375410722,
        "RMSE": 0.11166001278860088,
        "R^2": 0.9998559401888715,
        "MRE": 0.014930998333685467,
        "min_error": 9.150034189886469e-06,
        "max_error": 1.032221456909184,
        "std_error": 0.06863192455138163
    },
    "out_of_sample": {
        "total_samples": 5297,
        "Mean of Predicted": 14.260236833492502,
        "Mean of Targets": 14.248269791467358,
        "MSE": 0.02051852675717877,
        "MAE": 0.09540468373026537,
        "RMSE": 0.14324289426417902,
        "R^2": 0.9997628111998684,
        "MRE": 0.015299466391512832,
        "min_error": 3.50393887383893e-05,
        "max_error": 4.205630214393139,
        "std_error": 0.1068478969353483
    }
}