{
    "in_sample": {
        "total_samples": 9885,
        "Mean of Predicted": 14.215060813449504,
        "Mean of Targets": 14.203644216383733,
        "MSE": 0.013349773031903624,
        "MAE": 0.08874580664329275,
        "RMSE": 0.11554121789172739,
        "R^2": 0.9998457513482757,
        "MRE": 0.014440001523560713,
        "min_error": 6.862525644635298e-06,
        "max_error": 0.9367896503269719,
        "std_error": 0.07398618002799524
    },
    "out_of_sample": {
        "total_samples": 5297,
        "Mean of Predicted": 14.256737003719348,
        "Mean of Targets": 14.248269791467358,
        "MSE": 0.020336410690622364,
        "MAE": 0.09387244796622707,
        "RMSE": 0.1426057877178285,
        "R^2": 0.9997649164139426,
        "MRE": 0.014490025244025935,
        "min_error": 2.8975108264717164e-05,
        "max_error": 4.2386892879188025,
        "std_error": 0.10735163810324627
    }
}