{
    "in_sample": {
        "total_samples": 7653,
        "Mean of Predicted": 11.04402048460522,
        "Mean of Targets": 11.043923525566045,
        "MSE": 0.0001033847758014878,
        "MAE": 0.00604975741785026,
        "RMSE": 0.010167830437290337,
        "R^2": 0.9999980587979793,
        "MRE": 0.0018062139910957772,
        "min_error": 4.683792592885538e-06,
        "max_error": 0.11495476066879862,
        "std_error": 0.008172221912469921
    },
    "out_of_sample": {
        "total_samples": 3190,
        "Mean of Predicted": 11.140789501675954,
        "Mean of Targets": 11.141348756127694,
        "MSE": 0.00040369685818123554,
        "MAE": 0.007234569809739446,
        "RMSE": 0.020092208892534328,
        "R^2": 0.9999927842771577,
        "MRE": 0.0021632846763246626,
        "min_error": 1.1709481473332062e-06,
        "max_error": 0.6102326015233999,
        "std_error": 0.018744542081609836
    }
}