{
    "in_sample": {
        "total_samples": 2176,
        "Mean of Predicted": 13.144591220651845,
        "Mean of Targets": 13.157689945227105,
        "MSE": 0.004442365799590285,
        "MAE": 0.050089177761425116,
        "RMSE": 0.06665107500701159,
        "R^2": 0.999924050646103,
        "MRE": 0.007341294167755315,
        "min_error": 0.0,
        "max_error": 0.3154031493701046,
        "std_error": 0.04397090027250568
    },
    "out_of_sample": {
        "total_samples": 1254,
        "Mean of Predicted": 12.462365491722027,
        "Mean of Targets": 14.247433120537927,
        "MSE": 15.238474864188557,
        "MAE": 1.8290175759949232,
        "RMSE": 3.903648916614884,
        "R^2": 0.8146399070014139,
        "MRE": 0.12759263517594963,
        "min_error": 3.967937082016704e-05,
        "max_error": 13.58860456441471,
        "std_error": 3.448647498787055
    }
}