{
    "in_sample": {
        "total_samples": 9334,
        "Mean of Predicted": 9.115864977253363,
        "Mean of Targets": 9.100782408014567,
        "MSE": 0.005659491054120984,
        "MAE": 0.05696471272051512,
        "RMSE": 0.07522958895355593,
        "R^2": 0.9998404313552705,
        "MRE": 0.017186993296754247,
        "min_error": 1.0652254523124682e-05,
        "max_error": 0.5927970378577676,
        "std_error": 0.04913768979907549
    },
    "out_of_sample": {
        "total_samples": 5001,
        "Mean of Predicted": 8.916509608978366,
        "Mean of Targets": 8.897172148152123,
        "MSE": 0.00733155676482223,
        "MAE": 0.060750972768990025,
        "RMSE": 0.08562451030413097,
        "R^2": 0.9997885829217261,
        "MRE": 0.019154809951919375,
        "min_error": 2.3157075057511634e-06,
        "max_error": 1.87900026810766,
        "std_error": 0.06033967245886958
    }
}