{
    "in_sample": {
        "total_samples": 2100,
        "Mean of Predicted": 12.332347380342274,
        "Mean of Targets": 12.3462461068941,
        "MSE": 0.010057842943380552,
        "MAE": 0.07223604152529746,
        "RMSE": 0.10028879769635565,
        "R^2": 0.9998388272525378,
        "MRE": 0.02030670875008598,
        "min_error": 7.421296835730118e-06,
        "max_error": 0.9208246162176081,
        "std_error": 0.06956865133187543
    },
    "out_of_sample": {
        "total_samples": 1125,
        "Mean of Predicted": 12.488815302795722,
        "Mean of Targets": 12.50286081493881,
        "MSE": 0.02384927427955706,
        "MAE": 0.09607491450373151,
        "RMSE": 0.15443210249024347,
        "R^2": 0.9995759381622311,
        "MRE": 0.022401459794833344,
        "min_error": 0.00010822724550685336,
        "max_error": 2.5129723228275793,
        "std_error": 0.12090858150957584
    }
}