{
    "in_sample": {
        "total_samples": 9334,
        "Mean of Predicted": 9.113079150597597,
        "Mean of Targets": 9.100782408014567,
        "MSE": 0.006288191233893417,
        "MAE": 0.05760053514456784,
        "RMSE": 0.07929811620646116,
        "R^2": 0.9998227052320788,
        "MRE": 0.01763276061902249,
        "min_error": 1.1115396020500157e-05,
        "max_error": 0.7658192923486205,
        "std_error": 0.05450109709861648
    },
    "out_of_sample": {
        "total_samples": 5001,
        "Mean of Predicted": 8.912287019672815,
        "Mean of Targets": 8.897172148152121,
        "MSE": 0.007440369468235123,
        "MAE": 0.06003137165992315,
        "RMSE": 0.08625757629469497,
        "R^2": 0.9997854451346814,
        "MRE": 0.01875282227463713,
        "min_error": 5.789268764377908e-06,
        "max_error": 1.6561365778505817,
        "std_error": 0.061940325191778736
    }
}