{
    "in_sample": {
        "total_samples": 53,
        "Mean of Predicted": 0.2094394889304829,
        "Mean of Targets": 0.21594909395137923,
        "MSE": 0.0022988134633220147,
        "MAE": 0.038120435364968445,
        "RMSE": 0.04794594313726673,
        "R^2": -0.021853451177823002,
        "MRE": 0.18163728370765997,
        "min_error": 0.0011375332127213644,
        "max_error": 0.1176799970561862,
        "std_error": 0.029079990902805965
    },
    "out_of_sample": {
        "total_samples": 23,
        "Mean of Predicted": 0.21003623377587613,
        "Mean of Targets": 0.22133804310457084,
        "MSE": 0.0014048808699926802,
        "MAE": 0.030048646840122737,
        "RMSE": 0.03748174048777191,
        "R^2": -0.09089062903477596,
        "MRE": 0.1405424959757365,
        "min_error": 0.0040104613525867305,
        "max_error": 0.07056055506223441,
        "std_error": 0.022404456991194015
    }
}