{
    "in_sample": {
        "total_samples": 9334,
        "Mean of Predicted": 9.1030195904598,
        "Mean of Targets": 9.100782408014567,
        "MSE": 0.003585245029012717,
        "MAE": 0.043513835018340004,
        "RMSE": 0.059876915660484024,
        "R^2": 0.9998989144633622,
        "MRE": 0.013022988902230878,
        "min_error": 4.6314150115023267e-07,
        "max_error": 0.738573604130746,
        "std_error": 0.041131389363956626
    },
    "out_of_sample": {
        "total_samples": 5001,
        "Mean of Predicted": 8.90206950553805,
        "Mean of Targets": 8.897172148152123,
        "MSE": 0.004697765393016797,
        "MAE": 0.04684979495079021,
        "RMSE": 0.06854024651995932,
        "R^2": 0.9998645324771168,
        "MRE": 0.014164195648721125,
        "min_error": 0.0,
        "max_error": 1.5291987552702473,
        "std_error": 0.05002861287389157
    }
}