{
    "in_sample": {
        "total_samples": 2176,
        "Mean of Predicted": 13.195629797970662,
        "Mean of Targets": 13.157689945227103,
        "MSE": 0.31733108723103015,
        "MAE": 0.4466428824290764,
        "RMSE": 0.5633214776937145,
        "R^2": 0.9945747171363412,
        "MRE": 0.0551135010381445,
        "min_error": 0.000917172123444665,
        "max_error": 3.290440612286325,
        "std_error": 0.34328009381039903
    },
    "out_of_sample": {
        "total_samples": 1254,
        "Mean of Predicted": 12.407906143958089,
        "Mean of Targets": 14.247433120537929,
        "MSE": 15.213455130185967,
        "MAE": 2.1291757695413462,
        "RMSE": 3.900442940255115,
        "R^2": 0.8149442458714684,
        "MRE": 0.16798821667580968,
        "min_error": 0.0005874102935159442,
        "max_error": 14.529589720070355,
        "std_error": 3.268036975400368
    }
}