{
    "in_sample": {
        "total_samples": 7143,
        "Mean of Predicted": 11.055288722840736,
        "Mean of Targets": 11.062204487618358,
        "MSE": 0.0032257575842543655,
        "MAE": 0.04189115075128287,
        "RMSE": 0.05679575322376106,
        "R^2": 0.9999407950975323,
        "MRE": 0.011056010969392679,
        "min_error": 1.5531766416998494e-05,
        "max_error": 0.646788154053688,
        "std_error": 0.038352171685416436
    },
    "out_of_sample": {
        "total_samples": 3828,
        "Mean of Predicted": 11.053690421517896,
        "Mean of Targets": 11.06105810553416,
        "MSE": 0.004996214521492339,
        "MAE": 0.049488779030358046,
        "RMSE": 0.07068390567514177,
        "R^2": 0.9999071266806224,
        "MRE": 0.012639093193189318,
        "min_error": 4.480317237209874e-06,
        "max_error": 0.6467833750486349,
        "std_error": 0.050468557256738905
    }
}