{
    "in_sample": {
        "total_samples": 9922,
        "Mean of Predicted": 9.987270120776298,
        "Mean of Targets": 9.989937075790209,
        "MSE": 0.007262589086117911,
        "MAE": 0.04958018532769239,
        "RMSE": 0.08522082542499756,
        "R^2": 0.9997945354280318,
        "MRE": 0.01343117591120469,
        "min_error": 7.47361779218636e-06,
        "max_error": 1.0802748311251396,
        "std_error": 0.06931373824134425
    },
    "out_of_sample": {
        "total_samples": 4135,
        "Mean of Predicted": 9.99059243882629,
        "Mean of Targets": 9.993710971797903,
        "MSE": 0.012551523092969818,
        "MAE": 0.056478359271882175,
        "RMSE": 0.11203358020240993,
        "R^2": 0.9996562395584742,
        "MRE": 0.01516967745053559,
        "min_error": 1.494723557371458e-06,
        "max_error": 2.1371721857964943,
        "std_error": 0.09675597153109475
    }
}