{
    "in_sample": {
        "total_samples": 7571,
        "Mean of Predicted": 12.194567620450925,
        "Mean of Targets": 12.194504673476581,
        "MSE": 0.00029082412257037916,
        "MAE": 0.01232824850575582,
        "RMSE": 0.017053566271322228,
        "R^2": 0.999994981332236,
        "MRE": 0.0016617523082066256,
        "min_error": 1.2755006562059634e-06,
        "max_error": 0.08383610706329492,
        "std_error": 0.01178297124458464
    },
    "out_of_sample": {
        "total_samples": 3155,
        "Mean of Predicted": 12.441228245749487,
        "Mean of Targets": 12.441785800257112,
        "MSE": 0.0003993304802185175,
        "MAE": 0.014259132927421175,
        "RMSE": 0.019983254995583614,
        "R^2": 0.9999930096839134,
        "MRE": 0.0018189677192081294,
        "min_error": 1.1957818626395778e-06,
        "max_error": 0.13225666293502059,
        "std_error": 0.014000271725100577
    }
}