{
    "in_sample": {
        "total_samples": 9334,
        "Mean of Predicted": 9.10851632458317,
        "Mean of Targets": 9.100782408014569,
        "MSE": 0.004320631746044735,
        "MAE": 0.048215934499100756,
        "RMSE": 0.06573151257992421,
        "R^2": 0.9998781803265526,
        "MRE": 0.014171912584772564,
        "min_error": 9.262830005241085e-07,
        "max_error": 0.8556780063629148,
        "std_error": 0.04467499755370067
    },
    "out_of_sample": {
        "total_samples": 5001,
        "Mean of Predicted": 8.908139819703075,
        "Mean of Targets": 8.897172148152123,
        "MSE": 0.005718063031255506,
        "MAE": 0.05135518680848601,
        "RMSE": 0.07561787507762636,
        "R^2": 0.9998351105749799,
        "MRE": 0.015453687268468498,
        "min_error": 1.5746811032002483e-05,
        "max_error": 1.7489371666789033,
        "std_error": 0.055504124343340566
    }
}