{
    "in_sample": {
        "total_samples": 7571,
        "Mean of Predicted": 12.361513594933967,
        "Mean of Targets": 12.342040031300169,
        "MSE": 0.0016292689187814876,
        "MAE": 0.03236262194970356,
        "RMSE": 0.040364203433010885,
        "R^2": 0.9999721150596604,
        "MRE": 0.005376244549225028,
        "min_error": 0.0,
        "max_error": 0.18283791691661122,
        "std_error": 0.024123217433046806
    },
    "out_of_sample": {
        "total_samples": 3155,
        "Mean of Predicted": 12.290034983971355,
        "Mean of Targets": 12.26998431429976,
        "MSE": 0.0017210097211235933,
        "MAE": 0.03320340275298846,
        "RMSE": 0.041485054189715036,
        "R^2": 0.9999702171706161,
        "MRE": 0.005713376168388757,
        "min_error": 1.1519365289203165e-05,
        "max_error": 0.19665158901214497,
        "std_error": 0.024870540137810277
    }
}