{"in_sample": {"total_samples": 2176, "Mean of Predicted": 0.2969507277140271, "Mean of Targets": 0.2926147555973825, "MSE": 0.0008788148785399757, "MAE": 0.022409582703155993, "RMSE": 0.02964481200041545, "R^2": 0.9740708523431225, "MRE": 1.0871684721778845, "min_error": 1.1235475540105622e-05, "max_error": 0.1202701628208161, "std_error": 0.019406841103342586}, "out_of_sample": {"total_samples": 1254, "Mean of Predicted": 0.28086783602853055, "Mean of Targets": 0.31884689092842156, "MSE": 0.01054123752785514, "MAE": 0.06077477653817271, "RMSE": 0.10267052901322336, "R^2": 0.7787173296127836, "MRE": 0.4699471801421622, "min_error": 2.8908252716064453e-06, "max_error": 0.3953176736831665, "std_error": 0.08275061368104958}}