{"in_sample": {"total_samples": 2176, "Mean of Predicted": 13.141608031274464, "Mean of Targets": 13.15768999019463, "MSE": 0.004197425849039407, "MAE": 0.047735808003604434, "RMSE": 0.06478754393430428, "R^2": 0.9999282382876878, "MRE": 0.007296088302899965, "min_error": 1.9113430379746887e-05, "max_error": 0.6443114894986124, "std_error": 0.04380317891754457}, "out_of_sample": {"total_samples": 1174, "Mean of Predicted": 13.111015250870278, "Mean of Targets": 13.122390541952585, "MSE": 0.00401116394930378, "MAE": 0.04483949571816635, "RMSE": 0.06333375047558593, "R^2": 0.9999312413396297, "MRE": 0.007249439706735293, "min_error": 3.372958302350071e-05, "max_error": 0.39833738096952587, "std_error": 0.04472788361910635}}