{"in_sample": {"total_samples": 4374, "MSE": 0.054664475352979386, "MAE": 0.1397002496806221, "RMSE": 0.23380435272462186, "R^2": 0.9992694311869399, "min_error": 1.619770500838058e-06, "max_error": 2.0218372344970703, "std_error": 0.18747884038512513}, "out_of_sample": {"total_samples": 2106, "MSE": 9.424109030806163, "MAE": 1.2195067199806047, "RMSE": 3.0698711749528127, "R^2": 0.9033304420587508, "min_error": 1.6697186993042124e-06, "max_error": 13.363056063652039, "std_error": 2.8172526316836253}}