{"in_sample": {"total_samples": 2176, "MSE": 0.0003697895123717397, "MAE": 0.014669582635466374, "MAPE": 102.79719874440315, "R^2": 0.9890894805010798, "min_error": 6.1690807341974185e-06, "max_error": 0.08289593458175659, "std_error": 0.012433537616984281}, "out_of_sample": {"total_samples": 1254, "MSE": 0.009136081090982625, "MAE": 0.0522363662188454, "MAPE": 62.09449031716954, "R^2": 0.8082145084631119, "min_error": 3.993511199951172e-05, "max_error": 0.3918532133102417, "std_error": 0.08004650607761273}}