{"in_sample": {"total_samples": 4374, "MSE": 0.007389440976740425, "MAE": 0.04385986461765542, "RMSE": 0.08596185768548993, "R^2": 0.9999012430817511, "min_error": 1.473706845445122e-08, "max_error": 1.2822322845458984, "std_error": 0.073930732800787}, "out_of_sample": {"total_samples": 2106, "MSE": 6.261185498542389, "MAE": 0.9782453776328639, "RMSE": 2.502236099680122, "R^2": 0.9846993087640127, "min_error": 6.328665618903635e-14, "max_error": 15.999778747558594, "std_error": 2.3030895509472327}}