{"in_sample": {"total_samples": 6026, "Mean of Predicted": 10.524368618020114, "Mean of Targets": 10.524310373053138, "MSE": 1.2345421437701465e-05, "MAE": 0.0022838335731223567, "RMSE": 0.003513605190925905, "R^2": 0.9999996189715488, "MRE": 0.00045373271058076126, "min_error": 0.0, "max_error": 0.03074480881691599, "std_error": 0.002670117159972691}, "out_of_sample": {"total_samples": 2511, "Mean of Predicted": 10.268044277443602, "Mean of Targets": 10.267951329804527, "MSE": 1.2815895700570476e-05, "MAE": 0.002352310853918772, "RMSE": 0.00357992956642592, "R^2": 0.999999608916957, "MRE": 0.00048261719328544886, "min_error": 0.0, "max_error": 0.029437069344524502, "std_error": 0.0026986161911443447}}