{"in_sample": {"total_samples": 20, "Mean of Predicted": 0.7211664960759877, "Mean of Targets": 0.7209900002670288, "MSE": 0.0002539528099899664, "MAE": 0.00748378867208957, "RMSE": 0.01593589689945208, "R^2": 0.9301079537486724, "MRE": 0.012315464589379507, "min_error": 4.383802413943094e-05, "max_error": 0.037155723762512194, "std_error": 0.01406931828844135}, "out_of_sample": {"total_samples": 9, "Mean of Predicted": 0.7501356068240272, "Mean of Targets": 0.7499999999999999, "MSE": 6.584110500357593e-07, "MAE": 0.000557070038053695, "RMSE": 0.0008114253200607924, "R^2": -Infinity, "MRE": 0.0007427600408347929, "min_error": 4.093713760378037e-05, "max_error": 0.0019614322662353523, "std_error": 0.0005899864597926074}, "implied_volatility": {"mean": 0.09295324484507243, "min": 0.0804896354675293, "max": 0.10766458511352539, "median": 0.09425926208496094, "std": 0.007328540719482237, "count": 9}}