{
    "lr": 0.0032667111066336167,
    "weight_decay": 5.9713760775997554e-05,
    "batch_size": 32,
    "epochs": 186
}