{
    "lr": 0.0027848132845284222,
    "weight_decay": 0.00015047755502529787,
    "batch_size": 64,
    "epochs": 146
}