{
  "lr": 0.0024793729354743894,
  "weight_decay": 1.462577133325342e-5,
  "batch_size": 256,
  "epochs": 100,
  "dropout_rate": 0.3
}
