{
    "lr": 0.0020096522874312604,
    "weight_decay": 3.110397659207548e-05,
    "batch_size": 256,
    "epochs": 125,
    "dropout_rate": 0.3
}