{
    "in_sample": {
        "total_samples": 2325,
        "Mean of Predicted": 11.927086804350353,
        "Mean of Targets": 11.94864537994367,
        "MSE": 0.08270355455752022,
        "MAE": 0.1826636189181831,
        "RMSE": 0.28758225702835044,
        "R^2": 0.9988728753143993,
        "MRE": 0.040314822831221654,
        "min_error": 4.2885839938833215e-05,
        "max_error": 3.046950368414817,
        "std_error": 0.22212059085378147
    },
    "out_of_sample": {
        "total_samples": 1246,
        "Mean of Predicted": 11.918738665019106,
        "Mean of Targets": 11.935729525374484,
        "MSE": 0.37547861334309246,
        "MAE": 0.3042703753816615,
        "RMSE": 0.6127630972432107,
        "R^2": 0.9951708298774569,
        "MRE": 0.0614705904856872,
        "min_error": 0.00034222900271174694,
        "max_error": 6.022306686776876,
        "std_error": 0.5318817086610473
    }
}