{
    "in_sample": {
        "total_samples": 2176,
        "Mean of Predicted": 13.143623440845394,
        "Mean of Targets": 13.157690023737608,
        "MSE": 0.0051723605022088795,
        "MAE": 0.05012029979775792,
        "RMSE": 0.07191912473194373,
        "R^2": 0.999911570219529,
        "MRE": 0.00726213915625957,
        "min_error": 4.655579626611228e-05,
        "max_error": 1.315966576373576,
        "std_error": 0.051578251719031215
    },
    "out_of_sample": {
        "total_samples": 1168,
        "Mean of Predicted": 12.547791724142783,
        "Mean of Targets": 12.54422851591249,
        "MSE": 0.009150856102757877,
        "MAE": 0.067193046489004,
        "RMSE": 0.09566010716467904,
        "R^2": 0.9998278184452386,
        "MRE": 0.009567893487382642,
        "min_error": 7.721449136255387e-05,
        "max_error": 0.6448954319000251,
        "std_error": 0.06808781540249641
    }
}