{
    "in_sample": {
        "total_samples": 2176,
        "Mean of Predicted": 13.154121650432307,
        "Mean of Targets": 13.157689961453139,
        "MSE": 0.004638513874916935,
        "MAE": 0.04921855350756143,
        "RMSE": 0.0681066360563854,
        "R^2": 0.9999206971811989,
        "MRE": 0.006825776411038548,
        "min_error": 4.487956687970751e-05,
        "max_error": 0.9150702265322224,
        "std_error": 0.04707491758399846
    },
    "out_of_sample": {
        "total_samples": 1168,
        "Mean of Predicted": 12.555475595856883,
        "Mean of Targets": 12.54422851547826,
        "MSE": 0.00845619694773468,
        "MAE": 0.06341087047757704,
        "RMSE": 0.09195758232867304,
        "R^2": 0.9998408890810029,
        "MRE": 0.008341964237194521,
        "min_error": 0.0,
        "max_error": 0.7141335726201561,
        "std_error": 0.06659773609523546
    }
}