{
    "in_sample": {
        "total_samples": 972,
        "Mean of Predicted": 0.06985718303612994,
        "Mean of Targets": 0.08042870382902308,
        "MSE": 0.011737456788037016,
        "MAE": 0.07199935901636634,
        "RMSE": 0.10833954397188968,
        "R^2": 0.3345385274021607,
        "MRE": 2975621.4355324362,
        "min_error": 8.60542058944494e-05,
        "max_error": 0.4884699583053589,
        "std_error": 0.08095399365855525
    },
    "out_of_sample": {
        "total_samples": 405,
        "Mean of Predicted": 0.07399355918513954,
        "Mean of Targets": 0.07732716062347646,
        "MSE": 0.01393051979692094,
        "MAE": 0.07405166058214727,
        "RMSE": 0.11802762302495522,
        "R^2": 0.22689020201367316,
        "MRE": 3443433.2493017144,
        "min_error": 0.0009609907865524292,
        "max_error": 0.6036707013845444,
        "std_error": 0.09190686243119933
    }
}