{
    "in_sample": {
        "total_samples": 10000,
        "Mean of Predicted": 9.038996660581901,
        "Mean of Targets": 9.042320477419647,
        "MSE": 0.0010848338016949015,
        "MAE": 0.022212473878476937,
        "RMSE": 0.032936815293754515,
        "R^2": 0.9999691659163334,
        "MRE": 0.00744747269686944,
        "min_error": 5.557698012026435e-06,
        "max_error": 0.5217103751599801,
        "std_error": 0.024319535478558828
    },
    "out_of_sample": {
        "total_samples": 4168,
        "Mean of Predicted": 8.896400000599352,
        "Mean of Targets": 8.898617536720392,
        "MSE": 0.0011774902561415787,
        "MAE": 0.02325789375421754,
        "RMSE": 0.034314577895430666,
        "R^2": 0.9999668052818197,
        "MRE": 0.008227916456031955,
        "min_error": 3.7051320056491477e-06,
        "max_error": 0.357213629418613,
        "std_error": 0.0252301532745861
    }
}