{
    "in_sample": {
        "total_samples": 6026,
        "Mean of Predicted": 10.463463991628611,
        "Mean of Targets": 10.463407373162074,
        "MSE": 0.004445797082591565,
        "MAE": 0.03575193696123925,
        "RMSE": 0.06667681068101237,
        "R^2": 0.9998638324061495,
        "MRE": 0.003701837545306575,
        "min_error": 0.0,
        "max_error": 0.708554160976405,
        "std_error": 0.056281400889735676
    },
    "out_of_sample": {
        "total_samples": 2511,
        "Mean of Predicted": 10.385149524601644,
        "Mean of Targets": 10.385632250572483,
        "MSE": 0.004029445256065286,
        "MAE": 0.03649283278817178,
        "RMSE": 0.06347791156036316,
        "R^2": 0.9998723830845642,
        "MRE": 0.003832660206442774,
        "min_error": 6.465607882866209e-06,
        "max_error": 0.7083495104312831,
        "std_error": 0.05193956498816504
    }
}