{
    "in_sample": {
        "total_samples": 9334,
        "Mean of Predicted": 9.116929072955786,
        "Mean of Targets": 9.100782408014567,
        "MSE": 0.005244170105390977,
        "MAE": 0.05675523148003344,
        "RMSE": 0.07241664246146032,
        "R^2": 0.9998521412776439,
        "MRE": 0.01617814337615812,
        "min_error": 1.7599377034827057e-05,
        "max_error": 0.6334534513771537,
        "std_error": 0.044977925752960175
    },
    "out_of_sample": {
        "total_samples": 5001,
        "Mean of Predicted": 8.918089563102937,
        "Mean of Targets": 8.897172148152123,
        "MSE": 0.0067921554534991395,
        "MAE": 0.06024488902839445,
        "RMSE": 0.0824145342369848,
        "R^2": 0.9998041374148461,
        "MRE": 0.017318693109532286,
        "min_error": 5.557698010250078e-06,
        "max_error": 1.791944486457112,
        "std_error": 0.05623796581896945
    }
}