{
    "in_sample": {
        "total_samples": 2176,
        "Mean of Predicted": 13.140544699365584,
        "Mean of Targets": 13.15769002373761,
        "MSE": 0.019371938336118024,
        "MAE": 0.09535431974328967,
        "RMSE": 0.13918311081491902,
        "R^2": 0.9996688057118934,
        "MRE": 0.016716661620930016,
        "min_error": 1.9303622840638468e-05,
        "max_error": 1.805801683521267,
        "std_error": 0.10138782985355047
    },
    "out_of_sample": {
        "total_samples": 1168,
        "Mean of Predicted": 12.543434210848993,
        "Mean of Targets": 12.54422851591249,
        "MSE": 0.028826452362518684,
        "MAE": 0.11810658321971723,
        "RMSE": 0.16978354561770315,
        "R^2": 0.9994576044765322,
        "MRE": 0.019942666050395644,
        "min_error": 1.3626086709628282e-05,
        "max_error": 1.114295951008799,
        "std_error": 0.12197248608880072
    }
}