{
    "in_sample": {
        "total_samples": 9334,
        "Mean of Predicted": 9.116527646282474,
        "Mean of Targets": 9.100782408014567,
        "MSE": 0.005049577433006247,
        "MAE": 0.052750887045143656,
        "RMSE": 0.07106037878456775,
        "R^2": 0.9998576277937828,
        "MRE": 0.01545166314717307,
        "min_error": 7.757620137938126e-06,
        "max_error": 0.5249153143465541,
        "std_error": 0.04761219748086347
    },
    "out_of_sample": {
        "total_samples": 5001,
        "Mean of Predicted": 8.916696899076763,
        "Mean of Targets": 8.897172148152121,
        "MSE": 0.006848905017161566,
        "MAE": 0.056472258191474785,
        "RMSE": 0.0827581114886122,
        "R^2": 0.999802500951087,
        "MRE": 0.017065166076083046,
        "min_error": 6.483981012550544e-06,
        "max_error": 2.0040984926462144,
        "std_error": 0.060496190557067106
    }
}