{
    "in_sample": {
        "total_samples": 2100,
        "Mean of Predicted": 12.3336933256024,
        "Mean of Targets": 12.346246106894101,
        "MSE": 0.010771017877109755,
        "MAE": 0.07723035958929424,
        "RMSE": 0.10378351447657645,
        "R^2": 0.9998273989210221,
        "MRE": 0.019839852972054643,
        "min_error": 1.9480904192015203e-05,
        "max_error": 0.625845383387805,
        "std_error": 0.06932884994587797
    },
    "out_of_sample": {
        "total_samples": 1125,
        "Mean of Predicted": 12.486430037351354,
        "Mean of Targets": 12.50286081493881,
        "MSE": 0.029687656671765164,
        "MAE": 0.1072811722592075,
        "RMSE": 0.17230106404710668,
        "R^2": 0.9994721264010087,
        "MRE": 0.022863667344792574,
        "min_error": 8.287114799188089e-05,
        "max_error": 2.960085667008162,
        "std_error": 0.1348273219731647
    }
}