{
    "in_sample": {
        "total_samples": 2282,
        "Mean of Predicted": 10.617000351648228,
        "Mean of Targets": 10.63278955740516,
        "MSE": 0.0076091104153382496,
        "MAE": 0.06492002595279531,
        "RMSE": 0.08723021503663882,
        "R^2": 0.9998510587998479,
        "MRE": 0.01715263421749948,
        "min_error": 1.2898230554725387e-05,
        "max_error": 0.5822237820148501,
        "std_error": 0.058262343289869754
    },
    "out_of_sample": {
        "total_samples": 1224,
        "Mean of Predicted": 10.955742791505777,
        "Mean of Targets": 10.971561104651286,
        "MSE": 0.032720534182936786,
        "MAE": 0.08474538699730465,
        "RMSE": 0.18088818143520816,
        "R^2": 0.9993503930083943,
        "MRE": 0.01737836823945147,
        "min_error": 2.3451328248214054e-06,
        "max_error": 4.080603819417952,
        "std_error": 0.15980849028012828
    }
}