{
    "in_sample": {
        "total_samples": 2268,
        "Mean of Predicted": 12.609584153616243,
        "Mean of Targets": 12.62572011161658,
        "MSE": 0.004504739399712925,
        "MAE": 0.05012722772952506,
        "RMSE": 0.06711735542848009,
        "R^2": 0.9999290404060839,
        "MRE": 0.011679964654032472,
        "min_error": 2.5058925153587097e-05,
        "max_error": 0.3636526159107696,
        "std_error": 0.044631832136550906
    },
    "out_of_sample": {
        "total_samples": 1218,
        "Mean of Predicted": 12.060546595540835,
        "Mean of Targets": 12.059941683139362,
        "MSE": 0.00977105807671111,
        "MAE": 0.06587094757408604,
        "RMSE": 0.0988486624932837,
        "R^2": 0.9998268908033953,
        "MRE": 0.013498319894894464,
        "min_error": 3.5395731774912065e-05,
        "max_error": 0.955227432593702,
        "std_error": 0.07370262100090552
    }
}