{
    "in_sample": {
        "total_samples": 972,
        "Mean of Predicted": 0.0809537749707072,
        "Mean of Targets": 0.08085432114567533,
        "MSE": 2.1248181711956734e-05,
        "MAE": 0.002347467337131078,
        "RMSE": 0.004609575003398549,
        "R^2": 0.9988816217318874,
        "MRE": 9538.282421207232,
        "min_error": 4.470348357737963e-07,
        "max_error": 0.037372553721070276,
        "std_error": 0.003967061735473681
    },
    "out_of_sample": {
        "total_samples": 405,
        "Mean of Predicted": 0.08629580700532336,
        "Mean of Targets": 0.08514246923937376,
        "MSE": 0.00016669947101412738,
        "MAE": 0.00399004708373534,
        "RMSE": 0.012911214931760968,
        "R^2": 0.9915815913672275,
        "MRE": 11649.326749000717,
        "min_error": 1.2662261724527557e-05,
        "max_error": 0.20386920869350433,
        "std_error": 0.01227920988026927
    }
}