{
    "in_sample": {
        "total_samples": 53,
        "Mean of Predicted": 0.21884401495046268,
        "Mean of Targets": 0.21839199953310026,
        "MSE": 0.0013420932412889293,
        "MAE": 0.03147586029334363,
        "RMSE": 0.03663459077550791,
        "R^2": 0.26041051158240003,
        "MRE": 0.1553230603346908,
        "min_error": 0.0008120557463765499,
        "max_error": 0.0894114419231414,
        "std_error": 0.018744691517409495
    },
    "out_of_sample": {
        "total_samples": 23,
        "Mean of Predicted": 0.20869071080593185,
        "Mean of Targets": 0.21788673890194263,
        "MSE": 0.002073051991309295,
        "MAE": 0.03283953611638656,
        "RMSE": 0.04553078070173292,
        "R^2": 0.19893788767102627,
        "MRE": 0.14517387569393958,
        "min_error": 0.00026044109362363677,
        "max_error": 0.10901260949045422,
        "std_error": 0.03153754681280454
    }
}