{
    "in_sample": {
        "total_samples": 53,
        "Mean of Predicted": 0.16790334228234244,
        "Mean of Targets": 0.22654315084723542,
        "MSE": 0.005378014980568906,
        "MAE": 0.06171969044066319,
        "RMSE": 0.07333495060725756,
        "R^2": -1.7682999771277257,
        "MRE": 0.251417458703481,
        "min_error": 0.002148588865876211,
        "max_error": 0.15721209391903881,
        "std_error": 0.039606751854672634
    },
    "out_of_sample": {
        "total_samples": 23,
        "Mean of Predicted": 0.16785597996439106,
        "Mean of Targets": 0.21679213102604572,
        "MSE": 0.004663604278033626,
        "MAE": 0.05668575635059437,
        "RMSE": 0.06829058703828533,
        "R^2": -1.0508452486051563,
        "MRE": 0.23828718102233293,
        "min_error": 0.00010623077964783123,
        "max_error": 0.14210414553773404,
        "std_error": 0.03808318927026301
    }
}