{
    "in_sample": {
        "total_samples": 2176,
        "Mean of Predicted": 13.14216012764918,
        "Mean of Targets": 13.157689945227105,
        "MSE": 0.010456203518778285,
        "MAE": 0.06746239840471047,
        "RMSE": 0.10225557940170446,
        "R^2": 0.9998212344644064,
        "MRE": 0.008233485453617732,
        "min_error": 7.157847285377272e-05,
        "max_error": 1.4118418075144277,
        "std_error": 0.07684418208467314
    },
    "out_of_sample": {
        "total_samples": 1254,
        "Mean of Predicted": 12.488648466310606,
        "Mean of Targets": 14.247433120537933,
        "MSE": 15.31211497201059,
        "MAE": 1.8724363060258877,
        "RMSE": 3.9130697632435063,
        "R^2": 0.8137441521863178,
        "MRE": 0.13151993691262093,
        "min_error": 6.14641234264468e-05,
        "max_error": 13.569110286468641,
        "std_error": 3.4360001821721022
    }
}