{
    "in_sample": {
        "total_samples": 7066,
        "Mean of Predicted": 12.202193568074167,
        "Mean of Targets": 12.20722535925039,
        "MSE": 0.0056500427828373116,
        "MAE": 0.05212781657516383,
        "RMSE": 0.07516676647852634,
        "R^2": 0.9999019920133972,
        "MRE": 0.007789668704036552,
        "min_error": 5.102002624823854e-06,
        "max_error": 0.9692223358511995,
        "std_error": 0.05415471837193309
    },
    "out_of_sample": {
        "total_samples": 3786,
        "Mean of Predicted": 12.377058457231694,
        "Mean of Targets": 12.382570733613035,
        "MSE": 0.007325146697882001,
        "MAE": 0.05824268430284285,
        "RMSE": 0.08558707085700504,
        "R^2": 0.9998743107224061,
        "MRE": 0.008262575934157416,
        "min_error": 2.8061014418767627e-05,
        "max_error": 0.7621805185019994,
        "std_error": 0.06271312799630858
    }
}