{
    "in_sample": {
        "total_samples": 2176,
        "Mean of Predicted": 13.410047934774964,
        "Mean of Targets": 13.157689961453142,
        "MSE": 0.7409930621032167,
        "MAE": 0.6595214154283511,
        "RMSE": 0.8608095388082179,
        "R^2": 0.9873315376171314,
        "MRE": 0.14363977950095141,
        "min_error": 0.001418813341857117,
        "max_error": 2.8586014588067323,
        "std_error": 0.5531948704521772
    },
    "out_of_sample": {
        "total_samples": 1254,
        "Mean of Predicted": 12.602807806801474,
        "Mean of Targets": 14.247433197015766,
        "MSE": 15.590741646406807,
        "MAE": 2.328892992368707,
        "RMSE": 3.9485113202834823,
        "R^2": 0.8103549533524658,
        "MRE": 0.20223563489000007,
        "min_error": 0.0011247748002407576,
        "max_error": 14.159712581670291,
        "std_error": 3.1885732038801833
    }
}