{
    "in_sample": {
        "total_samples": 2176,
        "Mean of Predicted": 13.396829429505221,
        "Mean of Targets": 13.157689961453139,
        "MSE": 0.7007525128793888,
        "MAE": 0.6486126129867555,
        "RMSE": 0.837109618197873,
        "R^2": 0.9880195142125683,
        "MRE": 0.12750094834187736,
        "min_error": 0.00029930028393732044,
        "max_error": 2.9307780936956362,
        "std_error": 0.5292014655628628
    },
    "out_of_sample": {
        "total_samples": 1254,
        "Mean of Predicted": 14.779940061752077,
        "Mean of Targets": 14.247433197015766,
        "MSE": 36.12326188905109,
        "MAE": 4.4421927720408485,
        "RMSE": 6.010263046577171,
        "R^2": 0.5605983447497478,
        "MRE": 0.4137616534025349,
        "min_error": 0.0004060827016836299,
        "max_error": 16.2888475185901,
        "std_error": 4.048479376886974
    }
}