{
    "in_sample": {
        "total_samples": 2100,
        "Mean of Predicted": 12.33706323967042,
        "Mean of Targets": 12.3462461068941,
        "MSE": 0.009735640925015963,
        "MAE": 0.0738754652358291,
        "RMSE": 0.0986693514978991,
        "R^2": 0.9998439904057935,
        "MRE": 0.018850464895002424,
        "min_error": 2.164544911309463e-06,
        "max_error": 0.6444109943032217,
        "std_error": 0.06540685408430656
    },
    "out_of_sample": {
        "total_samples": 1125,
        "Mean of Predicted": 12.49581363467102,
        "Mean of Targets": 12.50286081493881,
        "MSE": 0.028605692858819302,
        "MAE": 0.10333835338035327,
        "RMSE": 0.169132175705332,
        "R^2": 0.9994913647039247,
        "MRE": 0.021145941050602624,
        "min_error": 0.00022140202224285588,
        "max_error": 2.76856673335433,
        "std_error": 0.13389129015532164
    }
}