{
    "in_sample": {
        "total_samples": 10000,
        "Mean of Predicted": 9.096727460850193,
        "Mean of Targets": 9.096680170160825,
        "MSE": 0.00011925092682261567,
        "MAE": 0.007772747094562975,
        "RMSE": 0.010920207270130712,
        "R^2": 0.9999965998633219,
        "MRE": 0.0022343402574893146,
        "min_error": 9.262830023004653e-07,
        "max_error": 0.09443038377016855,
        "std_error": 0.0076704191167483475
    },
    "out_of_sample": {
        "total_samples": 4168,
        "Mean of Predicted": 9.024099444626167,
        "Mean of Targets": 9.024141765098895,
        "MSE": 0.00027020322495596255,
        "MAE": 0.009083037307040256,
        "RMSE": 0.016437859500432608,
        "R^2": 0.9999924870399066,
        "MRE": 0.0025318238213213437,
        "min_error": 6.94712251725349e-07,
        "max_error": 0.32129793230295256,
        "std_error": 0.013700425476417784
    }
}