{
    "in_sample": {
        "total_samples": 9260,
        "Mean of Predicted": 9.982690245837356,
        "Mean of Targets": 9.998774370060461,
        "MSE": 0.013240582689247894,
        "MAE": 0.07332782448113831,
        "RMSE": 0.11506773087728764,
        "R^2": 0.9996312790588774,
        "MRE": 0.018216159003021627,
        "min_error": 2.1960687637267995e-05,
        "max_error": 1.635695625495913,
        "std_error": 0.08867701419258132
    },
    "out_of_sample": {
        "total_samples": 4962,
        "Mean of Predicted": 9.9200838118699,
        "Mean of Targets": 9.935033403476835,
        "MSE": 0.017569628667950386,
        "MAE": 0.07828154766130906,
        "RMSE": 0.13255047592502409,
        "R^2": 0.9995036551096756,
        "MRE": 0.01916785978303179,
        "min_error": 7.5726509081164295e-06,
        "max_error": 1.6643974869728098,
        "std_error": 0.10696554568505032
    }
}