{
    "in_sample": {
        "total_samples": 6800,
        "Mean of Predicted": 12.23597930940904,
        "Mean of Targets": 12.237617316314823,
        "MSE": 0.011565321058154557,
        "MAE": 0.06049152530379138,
        "RMSE": 0.107542182691977,
        "R^2": 0.9997521192772185,
        "MRE": 0.012513911508413541,
        "min_error": 0.0,
        "max_error": 1.170337007206676,
        "std_error": 0.08891623262698056
    },
    "out_of_sample": {
        "total_samples": 2834,
        "Mean of Predicted": 12.237080633560629,
        "Mean of Targets": 12.240441064064255,
        "MSE": 0.019022568343683967,
        "MAE": 0.06634397197703766,
        "RMSE": 0.13792232721239867,
        "R^2": 0.9995781927099052,
        "MRE": 0.012398710047560354,
        "min_error": 1.065203547589988e-06,
        "max_error": 2.1910960018694396,
        "std_error": 0.12091751620833932
    }
}