{
    "in_sample": {
        "total_samples": 7653,
        "Mean of Predicted": 11.033899675931353,
        "Mean of Targets": 11.03276896332133,
        "MSE": 0.0006477905242446729,
        "MAE": 0.018601817306684993,
        "RMSE": 0.025451729297724997,
        "R^2": 0.9999879826880919,
        "MRE": 0.004882283266910589,
        "min_error": 5.376286802860619e-06,
        "max_error": 0.24309179469943842,
        "std_error": 0.01737132456473563
    },
    "out_of_sample": {
        "total_samples": 3190,
        "Mean of Predicted": 10.993985245987064,
        "Mean of Targets": 10.99304162461521,
        "MSE": 0.0006749552123459714,
        "MAE": 0.018785563495021064,
        "RMSE": 0.02597990016043117,
        "R^2": 0.9999873359568451,
        "MRE": 0.00471616377128305,
        "min_error": 5.973652003277152e-06,
        "max_error": 0.24152669787406467,
        "std_error": 0.017945969366977742
    }
}