{
    "in_sample": {
        "total_samples": 7143,
        "Mean of Predicted": 11.054627905950548,
        "Mean of Targets": 11.062204487618358,
        "MSE": 0.004346263628444469,
        "MAE": 0.0465132537017473,
        "RMSE": 0.06592619834666996,
        "R^2": 0.9999202295561586,
        "MRE": 0.012277474065962107,
        "min_error": 2.5089776519493512e-05,
        "max_error": 1.0864159971714074,
        "std_error": 0.04672024035170795
    },
    "out_of_sample": {
        "total_samples": 3828,
        "Mean of Predicted": 11.053115888377171,
        "Mean of Targets": 11.061058105534162,
        "MSE": 0.0057420923820691175,
        "MAE": 0.05208996316582833,
        "RMSE": 0.07577659521296215,
        "R^2": 0.999893261752993,
        "MRE": 0.013655011074622062,
        "min_error": 8.960634470867035e-06,
        "max_error": 1.0864159971714074,
        "std_error": 0.05503388155901567
    }
}